,fre_ori,fre_contrast,clarity_ori,clarity_contrast,noise_ori,noise_contrast,perplexity_ori,perplexity_contrast,coherence_ori,coherence_countrast,spurious_ori,spurious_contrast
0,65.4627354452055,68.59762148337599,0.04238372563778755,0.04367930624405089,10.463998567627083,15.677454409185794,42.55177688598633,39.715850830078125,0.8589572365861387,0.8423746479238616,7.0,7.0
1,55.76064171122995,55.38736842105267,0.21344479464882987,0.9772727272727273,39.09052329881093,42.02325581395352,26.048351287841797,30.94845199584961,0.9978427489598592,0.9991847475369772,18.0,1.0
2,69.61024475524476,68.89444994694023,0.02971021167612857,0.011998636212914242,10.388482557625055,7.295558689767674,29.16494369506836,31.516996383666992,0.9999618470668793,0.9999544382095337,25.0,41.0
3,53.11314258464476,53.97222222222224,0.03834345738757472,0.03712821605541163,6.569227526396984,6.0992539531756735,38.1236572265625,39.774986267089844,0.9135268367826939,0.9135292209684849,37.0,41.0
4,60.54562500000003,62.17250000000003,0.00853766303130046,0.007835330016269388,5.03823893040122,4.254829300014928,35.0014533996582,39.47484588623047,0.9996136171477181,0.999833915914808,33.0,1.0
5,78.03416666666668,82.57065040650407,0.19156479033206938,0.20761880747051378,32.786691159052914,34.09982310902381,19.103559494018555,21.660079956054688,0.9985870718955994,0.8041347976773977,41.0,30.0
6,0.0,0.0,0.0736961237184959,0.09782658803853672,22.21338610161004,26.310867566713743,37.769779205322266,55.1551399230957,1.0,1.0,11.0,31.0
7,59.35500000000003,62.54673796791445,0.9772727272727273,0.9772727272727273,42.02325581395351,42.02325581395351,28.830833435058594,35.07817077636719,0.9998458385467529,0.9997708002726237,20.0,1.0
8,83.54237553342817,85.3692105263158,0.031018073197833652,0.04701633955376121,13.71750825101135,14.081417541870634,30.716066360473633,31.871824264526367,0.7542761251550272,0.7542482218187716,34.0,6.0
9,43.93596039603963,43.17436363636364,0.40462035946882896,0.3617882926701995,41.94240837447058,41.90782205829339,27.002744674682617,30.368579864501953,0.9999974370002747,0.9999977052211761,31.0,12.0
10,66.62766666666667,63.99721428571431,0.00756872587411444,0.007533056985779423,3.792747848793257,3.738757795121289,47.56429672241211,50.73329162597656,0.5015852104261285,0.5014195731637301,41.0,41.0
11,56.89500000000001,54.10468750000001,0.05496167461288745,0.05059413498660462,21.138491948159565,19.604996466278727,45.123416900634766,47.66850280761719,0.999940425157547,0.9999474783738455,31.0,34.0
12,65.3792425847458,63.96702922077924,0.0014705056331513477,0.0014530632903306613,4.802692152608165,4.76436701534342,12.04288101196289,17.921897888183594,0.9331698156272371,0.9775916536649069,4.0,11.0
13,69.84145443196006,67.45997584541065,0.04189048980932637,0.04159648514828997,11.406958775936648,10.48907618506412,41.73599624633789,60.8733024597168,0.9207930713891983,0.9998292699456215,2.0,3.0
14,38.37258064516129,49.83876470588237,0.04093501921395468,0.05259725250281116,12.407445374140764,16.457196564176066,36.52660369873047,47.73403549194336,0.999990850687027,0.9999855756759644,7.0,38.0
15,45.26235294117649,42.86500000000001,0.9772727272727273,0.9772727272727273,42.02325581395351,42.02325581395351,22.343563079833984,32.41978454589844,0.9999458193778992,0.9962835609912872,5.0,40.0
16,82.93697959183675,82.93697959183675,0.9772727272727273,0.48287797111254044,42.02325581395351,41.34747932657294,22.53253936767578,29.10296630859375,0.9999867081642151,0.9999867975711823,20.0,21.0
17,71.06212181528664,66.41281839622644,0.0451079393792898,0.047490545139713895,9.317096476426956,9.723355590227037,26.033536911010742,29.633325576782227,0.8558097982812407,0.8565291294591069,6.0,23.0
18,57.19900000000003,60.97578571428575,0.1297489980644126,0.12732407241121693,41.36867358134624,41.32053811961287,22.886343002319336,25.125999450683594,0.9999904334545135,0.9999946057796478,27.0,41.0
19,63.11500000000002,60.90268907563029,0.9772727272727273,0.21392358301194292,42.02325581395352,38.959389870204475,27.482011795043945,42.336517333984375,0.8331987921877347,0.8331509228773939,41.0,29.0
20,54.66717506631301,60.335541958041986,0.028949290059306052,0.029907222399881202,6.611128125444435,13.486681753802724,18.94639015197754,20.931442260742188,0.916691293551897,0.9003799932543188,1.0,2.0
21,85.2272549019608,90.0038628762542,0.11405002071784753,0.1282171795890524,31.145055287830992,31.975585865896484,33.996822357177734,35.94200134277344,0.7421074677827577,0.6810859692583714,41.0,41.0
22,58.01100000000001,55.867954545454566,0.14115062433840825,0.1647637043000851,30.32019411874946,33.1933331455354,36.47090148925781,66.67694091796875,0.5086127130198292,0.9999224146207174,12.0,19.0
23,73.38875,69.86375000000001,0.9772727272727273,0.9772727272727273,42.02325581395352,42.02325581395352,25.62457847595215,31.227182388305664,0.999997901916504,0.9999978542327881,34.0,41.0
24,42.282645348837235,40.70763489208636,0.03464664971404483,0.03469087036269991,5.215815416430377,5.11892448434862,15.164515495300293,25.163816452026367,0.9999932448069254,0.9999932050704956,41.0,16.0
25,69.34918032786888,68.33294416243658,0.020579303045215897,0.01713555033363631,33.76876068141254,32.23559119118262,42.891326904296875,49.801795959472656,0.9991791447003683,0.8335996825480834,4.0,1.0
26,11.506212871287147,9.258846153846179,0.9772727272727273,0.9772727272727273,42.02325581395352,42.02325581395352,29.21013641357422,39.42669677734375,0.9999979734420776,0.9999979734420776,12.0,14.0
27,63.52296511627908,66.67714285714288,0.9772727272727273,0.9772727272727273,42.02325581395352,42.02325581395352,18.257192611694336,29.822757720947266,0.9999916212899345,0.9999907697950091,20.0,41.0
28,52.09276903973512,54.13575,0.06653694623877024,0.06328207589095199,22.722710786756426,21.533351207640006,84.19869232177734,81.61809539794922,0.9999949932098389,0.9998851844242641,27.0,21.0
29,92.28914044943822,89.4388157894737,0.016451344359539013,0.10457165612468462,8.741502582072599,20.415210690611385,48.63069534301758,54.6778450012207,0.9993394017219543,0.9996845324834188,23.0,9.0
30,74.96618511368514,73.19849773242632,0.4348598794243079,0.4723901146428124,41.971630642113574,41.98590112400326,21.984710693359375,26.962047576904297,0.9999294070636525,0.9354134436477634,16.0,33.0
31,75.75357863647552,73.80416666666667,0.9772727272727273,0.2637222251332366,42.02325581395351,39.553294492801776,21.386159896850586,23.49696159362793,0.9400704458821565,0.8815217513611595,37.0,21.0
32,62.294523809523824,66.67612068965518,0.002074906124791302,0.0019806104912739506,3.9307192603251586,3.7289714335764366,2.337117910385132,2.285252332687378,0.9999897003173828,0.999979125128852,26.0,16.0
33,50.80513655462187,48.284057377049194,0.23931508736788965,0.2001965031156816,40.82139066032095,40.45043162149335,21.38698959350586,26.677316665649414,0.4807928906545082,0.671446523318688,15.0,17.0
34,42.71800000000002,39.447967741935486,0.9772727272727273,0.9772727272727273,42.02325581395351,42.02325581395351,28.476057052612305,39.13420867919922,0.9999567270278931,0.9999892711639404,22.0,22.0
35,88.48689325842697,84.39047826086959,0.17609576919568948,0.9772727272727273,35.89178369025335,42.02325581395351,14.182412147521973,32.35400390625,0.888964493577886,0.99749446577496,41.0,9.0
36,64.73612500000002,63.26193993506496,0.9772727272727273,0.2274046198259117,42.02325581395349,41.48098894380454,27.93280029296875,35.47557830810547,0.9999695760863168,0.9999657613890511,41.0,28.0
37,56.965,52.62377147766324,0.03154584256525666,0.06230462662473563,13.593032147615475,12.827668950802149,44.74161148071289,75.33248138427734,0.7998322611856565,0.7995532660941536,9.0,17.0
38,76.73727891156466,77.34462520938025,0.01531513680421695,0.013514482964567013,2.8303341775087185,2.687461833935487,37.01848220825195,38.65164566040039,0.8117567500607534,0.8293795151085678,34.0,24.0
39,72.7779230769231,70.33390677966105,0.4379114856485591,0.6474089523043945,41.990756848121016,42.01218074394847,41.811431884765625,49.15713119506836,0.9997917744848464,0.9999878141615126,10.0,41.0
40,79.81629411764708,79.07151515151516,0.22213590373968592,0.9772727272727273,38.0216384743418,42.02325581395351,19.883325576782227,22.023338317871094,0.8885949697966377,0.896752497763373,28.0,27.0
41,59.05788461538465,52.59236111111113,0.2531063518206886,0.9772727272727273,41.811225335448995,42.02325581395352,33.968143463134766,41.26361083984375,0.9999129772186279,0.9999862511952718,40.0,23.0
42,70.88583404864093,72.34180962343098,0.028597974414124535,0.02269475083952681,8.29690705924761,6.490345220556269,13.818358421325684,19.058956146240234,0.9285359706263989,0.955835223197937,41.0,20.0
43,60.16999999999999,63.44133333333335,0.059968344197194434,0.08470360731984174,14.121147278744353,18.19470287930441,25.016965866088867,32.559776306152344,0.9999921972101385,0.9999875588850542,4.0,3.0
44,64.96396640826876,69.0779890933879,0.009592309004000718,0.02474931874216554,4.257438403503543,4.268910395554085,18.221187591552734,24.914146423339844,0.9997149482369423,0.9996674805879593,32.0,11.0
45,65.78565217391306,69.36950980392159,0.039545018601201735,0.0157578561755447,9.559768493193504,5.324018573271017,13.821662902832031,20.145645141601562,0.9999956488609314,0.9999940395355225,40.0,33.0
46,66.54799283154124,71.57088709677423,0.017405313280849332,0.017223347746928727,10.285850568697077,10.012146242313591,45.54072189331055,48.835269927978516,0.8770266009960324,0.8888496439451248,33.0,41.0
47,30.14891791044778,25.515000000000015,0.0313089314069471,0.06804513643852751,6.3801876777211675,10.535144581251886,26.763212203979492,32.760311126708984,0.9999978542327881,0.999997615814209,20.0,34.0
48,50.42465799614648,51.30382352941177,0.016717624422072804,0.019323068862852084,9.229997512906866,9.663163734603579,41.60128402709961,49.634727478027344,0.9999959945678711,0.8334173976521319,19.0,36.0
49,42.81858974358977,41.34904761904764,0.00457625705960412,0.007270972231537834,3.2781679529541794,3.4850136606698987,34.256568908691406,44.18727493286133,0.9999967813491821,0.999994158744812,36.0,18.0
50,71.29178571428572,73.13288288288288,0.006506500518170541,0.005288826344503758,4.210863730266826,3.7661768363381256,26.545698165893555,35.83036422729492,0.9999722003936767,0.7997553952853196,26.0,41.0
51,67.22131958762887,66.5025401069519,0.38926219244942056,0.38327492527542684,41.45469001572725,41.242264006288345,18.513416290283203,21.808284759521484,0.779998640374591,0.79970274105508,41.0,29.0
52,62.01414876033061,58.10038461538464,0.9772727272727273,0.9772727272727273,42.02325581395351,42.02325581395351,29.57292366027832,34.528133392333984,0.9999966025352478,0.7505706551019102,8.0,8.0
53,70.3052713178295,63.46944444444448,0.02889491954303135,0.024930635305783554,5.957762813726751,7.785803763850375,14.913070678710938,21.520353317260742,0.9996742308139801,0.9997435063123703,4.0,28.0
54,58.249588353413685,64.40388576779029,0.0960225254553554,0.045668628116820056,17.824926755393715,17.898035647373394,37.18731689453125,41.72416687011719,0.9994064569473267,0.9997151851654053,24.0,26.0
55,48.35600000000002,51.038928571428585,0.15425267304638335,0.18528355073847091,36.84661112672946,37.32273770860312,36.13151168823242,38.524959564208984,0.9090881820672869,0.9090882713763594,41.0,37.0
56,74.71580705009278,73.70971744471747,0.16802556782853595,0.23056732321816342,41.63276362912027,41.773571829696294,29.97123146057129,33.7924919128418,0.9997631549835205,0.9993404030799866,26.0,10.0
57,28.82182156133831,31.555955056179783,0.3909151268053772,0.39852204644297173,41.24258135335513,41.47016677328701,37.3805046081543,43.80776596069336,0.9999970197677612,0.999995231628418,24.0,16.0
58,85.61708333333335,88.2873355263158,0.02891061231721618,0.047362341239794506,8.383453875812242,9.516445195699093,12.390116691589355,20.636798858642578,0.8572304066453528,0.857607782751854,26.0,41.0
59,45.95844444444447,41.99892156862748,0.05338854487868586,0.05696032064400873,23.489937070967983,25.149475489857398,24.583940505981445,31.510038375854492,0.9999853670597076,0.9995499104261398,21.0,5.0
60,52.70338535414169,55.25083744948361,0.04202087057890706,0.044729990943112106,9.631245490284632,12.445859826250715,31.386823654174805,38.51142501831055,0.9375906741988729,0.9375499046218465,25.0,38.0
61,67.41582926829271,67.67274698795184,0.9772727272727273,0.48047172625190604,42.02325581395351,41.869760146876416,39.42632293701172,52.80083465576172,0.9996880888938904,0.9974210560321808,41.0,34.0
62,69.39000000000001,71.95000000000002,0.02263919681894493,0.033577443894658596,7.672598086901608,7.108157988308502,22.573776245117188,25.632692337036133,0.9999065697193146,0.9999508559703827,39.0,34.0
63,66.38994693396228,66.55470995508983,0.11686093567712826,0.12961429194881655,31.12332329921612,32.79921103460054,42.07365036010742,45.47569274902344,0.9329461484526594,0.9328327764446537,27.0,17.0
64,63.696284172661876,64.66937062937066,0.2421372393569294,0.5044799335162977,41.282775851900126,41.83953666965234,31.194625854492188,37.73815155029297,0.9998955196804471,0.9995109915733338,8.0,14.0
65,71.2643262987013,72.75028846153847,0.9772727272727273,0.9772727272727273,42.02325581395352,42.02325581395352,30.001811981201172,44.77690124511719,0.7203226398657231,0.7998363901143117,1.0,2.0
66,59.23293706293708,59.287951344430226,0.040592873789820454,0.024401827502813413,9.009619073957598,7.887056827749857,75.90681457519531,72.8182601928711,0.9169832274395352,0.9993236005306244,2.0,6.0
67,39.99666666666667,42.791715309779846,0.040106283151192745,0.035844846418680035,18.03485426540226,16.445122437572937,20.407222747802734,27.466028213500977,0.9999492679323468,0.9995840713381767,11.0,10.0
68,59.33410714285718,63.10129950495052,0.006585612294569889,0.029773501419302746,3.175588515818811,4.284474030591344,18.08177947998047,20.579286575317383,0.9996999417032514,0.9999923024858747,15.0,25.0
69,43.52324324324326,47.29127725856701,0.1293752931462039,0.07734060123936821,29.247727746439605,16.50422037671459,55.60427474975586,64.85591888427734,0.9999979734420776,0.9999979734420776,16.0,41.0
70,59.497911646586346,58.32954498977509,0.010481843444111566,0.008530362929015529,3.4932272589290334,2.935353235129618,29.1590633392334,40.3891487121582,0.9997804045677186,0.8002984139602631,15.0,15.0
71,63.98947368421055,64.28451650943398,0.012322475004144752,0.013146538770095017,4.964586924604651,5.676996846348999,23.518903732299805,31.682416915893555,0.9999705042157855,0.9999957254954747,31.0,27.0
72,72.16123273480665,63.946521739130446,0.5125016678386748,0.5300168193281364,41.99144615030762,41.99321002975038,18.772993087768555,31.211015701293945,0.995306304522923,0.9998168349266052,35.0,41.0
73,72.267,72.84456178343952,0.15735511889609669,0.13662229564056907,33.55246855814675,30.88947782024006,28.46173667907715,33.044708251953125,0.9999235967795054,0.9583241098710763,41.0,29.0
74,78.21700929752068,72.92693597560977,0.3387193596205133,0.7063699172957756,41.897907558311296,41.997714307867156,35.953514099121094,41.152767181396484,0.9999922854559762,0.999972905431475,16.0,8.0
75,60.329487179487174,60.625259697567415,0.06419952319323716,0.0977569828395083,17.06461163685808,26.809476132064425,20.86096954345703,29.82209587097168,0.9999235719442368,0.9999000877141953,6.0,13.0
76,39.26538461538463,35.71914877300614,0.009503568244843658,0.009639566064375412,5.001911311733042,4.833905373457842,16.455760955810547,22.320646286010742,0.9999969005584717,0.9999972184499105,41.0,40.0
77,19.710000000000036,24.520965517241393,0.09276799638817716,0.07168884830523438,29.110674225808488,25.16694000382632,23.1422119140625,24.868511199951172,0.999997615814209,0.9999975860118866,5.0,41.0
78,54.69320149253733,54.40625742574261,0.4269265959113729,0.3745361445307427,41.32124920916689,41.065820486209255,28.419696807861328,30.942895889282227,0.8888914937213284,0.8888875138341569,31.0,10.0
79,84.52350000000001,78.15445302013423,0.04498453267575604,0.04742012806990567,11.13369568590959,10.934836837791384,19.862754821777344,33.748634338378906,0.8892288257419649,0.999971846739451,37.0,40.0
80,82.29613119143241,83.35292270531401,0.05515191376842458,0.0609005679645684,23.016652323845506,27.04154049760123,23.622766494750977,30.187820434570312,0.9997935146093369,0.9997495785355568,23.0,24.0
81,59.02967564870261,61.19655172413795,0.005682360604078137,0.01648542862291423,6.123177501453158,9.588827491922636,11.278656005859375,18.864418029785156,0.9999913454055787,0.9999947071075439,30.0,31.0
82,57.217857142857184,58.74562500000002,0.016595792460674955,0.015355569102116223,11.946224884952503,11.188971461774202,40.96946334838867,53.56278610229492,0.999984622001648,0.8574833491417978,20.0,10.0
83,70.53951724137931,62.07100000000001,0.06906224774652255,0.08771342430066889,17.331145439789296,19.569691403166257,22.762874603271484,39.95681381225586,0.9999283999204636,0.9999804794788361,41.0,23.0
84,81.6662834224599,81.88636363636367,0.0508241740441935,0.0544344867264233,22.888276150501696,23.977818355251838,18.12578010559082,19.3372802734375,0.9998876631259919,0.9998909950256347,35.0,41.0
85,42.30161538461539,58.856548387096794,0.9772727272727273,0.9772727272727273,42.0232558139535,42.0232558139535,42.51655197143555,43.93560791015625,0.9999852776527405,0.9999146908521652,31.0,23.0
86,70.38842193060499,70.27142137096777,0.015372383398526366,0.014447475909861326,16.16454021480756,15.60460399880152,23.433088302612305,24.028749465942383,0.9991295138994852,0.9991408149401347,38.0,26.0
87,61.770287356321845,66.34945121951222,0.9772727272727273,0.9772727272727273,42.02325581395352,42.02325581395352,18.974292755126953,30.00153350830078,0.9999682664871216,0.99990234375,7.0,12.0
88,66.28994897959186,62.42302184466021,0.12182349032115142,0.09528882726228799,27.052542060100695,22.98322148010053,16.394330978393555,21.487892150878906,0.9999957879384359,0.9999955892562866,40.0,30.0
89,67.53479166666668,71.44451977401131,0.005125136930163434,0.020203986380892786,3.2692148418769196,5.607493290875034,23.12104034423828,27.265804290771484,0.9999555706977844,0.999749755859375,39.0,2.0
90,11.820000000000036,8.430963855421723,0.9772727272727273,0.9772727272727273,42.02325581395351,42.02325581395351,21.409069061279297,26.461366653442383,1.0,1.0,41.0,16.0
91,66.01229411764707,67.25319708029197,0.00605949728228907,0.009821295289151028,4.012156694311414,3.9773870484760594,25.830583572387695,27.36579132080078,0.9999973475933075,0.9999973475933075,41.0,37.0
92,73.66926886792456,70.93250000000003,0.07190632455618783,0.06620481377433693,15.531450173554278,13.470977967841023,19.407390594482422,26.96660614013672,0.9999224146207174,0.9999424616495768,7.0,10.0
93,84.0213076923077,80.36435294117648,0.9772727272727273,0.21491784514813267,42.02325581395351,38.04740639555364,14.006044387817383,21.354860305786133,0.9999835193157196,0.9999927878379822,41.0,30.0
94,71.2466959798995,72.0796739130435,0.9772727272727273,0.9772727272727273,42.02325581395351,42.02325581395351,22.313257217407227,29.614389419555664,0.9999439395391024,0.9999431050740756,21.0,22.0
95,52.534043478260884,52.81081879194633,0.07355335464841464,0.05653371041024546,17.321699047053077,12.40362249686741,42.2906379699707,44.16790771484375,0.9999898970127106,0.9999752640724182,18.0,41.0
96,68.2960483870968,67.83091569767446,0.9772727272727273,0.9772727272727273,42.02325581395349,42.02325581395349,27.73516845703125,41.41028594970703,0.9999338558741978,0.9998362830707005,19.0,4.0
97,18.605000000000004,7.82285714285716,0.009119626539338592,0.03686912297536215,5.175162576764642,6.304660046423203,35.678558349609375,91.92589569091797,1.0,1.0,14.0,36.0
98,69.04250000000002,69.95012121212123,0.016040558521658622,0.044230262316794826,11.513742830869516,12.34170362320382,24.010278701782227,33.96666717529297,0.9998582143049973,0.9995761684009007,41.0,35.0
99,0.0,0.0,0.9772727272727273,0.46936729473296285,42.02325581395352,41.48354717648635,28.155006408691406,27.37652015686035,0.999990701675415,0.9999880194664001,13.0,20.0
100,31.257045454545477,34.937228260869574,0.9772727272727273,0.9772727272727273,42.0232558139535,42.0232558139535,45.54426956176758,53.669612884521484,0.9999415079752604,0.9948413769404093,4.0,41.0
101,74.86200000000004,73.67750000000002,0.04891092186316879,0.23427597540743297,23.057965791852673,36.794821867502264,15.65839672088623,21.770729064941406,0.9999536805682712,0.9999955627653334,35.0,41.0
102,35.80125461254616,34.650000000000006,0.9772727272727273,0.9772727272727273,42.02325581395351,42.02325581395351,39.44887161254883,46.78850555419922,0.9999867876370748,0.9999871055285136,13.0,41.0
103,65.33314229249014,63.4748717948718,0.03453217089649035,0.020589727245484257,20.31533896526642,11.937324873499847,24.543296813964844,34.49930953979492,0.8448255075141787,0.9113314129750837,21.0,41.0
104,65.40153137593553,66.4384210526316,0.42385673931348755,0.9772727272727273,41.20185736632774,42.02325581395351,20.298067092895508,20.4010066986084,0.999968633055687,0.9999715354707506,41.0,41.0
105,64.80076682859129,64.80076682859129,0.014166918961497637,0.013717977851458656,7.780569570393829,7.514042215172549,33.944129943847656,34.70820617675781,0.900219481671229,0.9002175385598093,38.0,32.0
106,53.84025862068967,54.55800000000002,0.9772727272727273,0.9772727272727273,42.02325581395352,42.02325581395352,24.4190731048584,31.597116470336914,0.9988984434228194,0.9477369401015734,37.0,33.0
107,0.0,0.0,0.9772727272727273,0.15314783903742077,42.0232558139535,35.50691810414594,26.557201385498047,38.23393249511719,1.0,1.0,13.0,20.0
108,69.64696386946389,66.09731351981353,0.06402783786683404,0.062286998616517944,9.471924552016747,9.055003515805426,13.495102882385254,15.146700859069824,0.9999848365783691,0.999984884262085,41.0,41.0
109,59.78346153846155,65.64038461538463,0.9772727272727273,0.9772727272727273,42.0232558139535,42.0232558139535,30.78389549255371,44.52734375,0.9999542136987051,0.9999755620956421,15.0,24.0
110,65.59412280701756,67.62189473684212,0.030914012022894767,0.0464120580222217,5.032436307536599,9.647208596233883,18.784915924072266,29.50788116455078,0.999974399805069,0.7780440306200439,8.0,8.0
111,77.75233695652176,78.58096153846155,0.0648493526716767,0.07302088540644219,32.894110574216015,34.10090326384761,40.67704391479492,55.89642333984375,0.9999974568684896,0.9999974171320597,29.0,41.0
112,61.65615716096326,59.81696510228642,0.010201776942250915,0.009482194829413997,5.590170778600429,5.287020731167803,36.59838104248047,39.75458526611328,0.9995847557272229,0.9993719245706286,34.0,31.0
113,74.36826086956523,73.12340024330904,0.04820643628217329,0.053540996751535584,10.567940678672157,7.676537318716953,16.935712814331055,17.86332130432129,0.9999972581863403,0.999997353553772,41.0,23.0
114,84.58433189655175,83.46614919354839,0.023325246810770014,0.02262716057273019,3.815248276455109,3.6939399750638207,49.42625427246094,48.958351135253906,0.9999643649373736,0.9999662893159049,41.0,41.0
115,58.63132911392408,59.618243243243256,0.022789799475677688,0.07954607074685928,10.276383634767207,22.52068677957148,19.84770965576172,24.61068344116211,0.9999972780545553,0.999996026357015,31.0,10.0
116,65.38345588235296,67.03444619319302,0.04172784299319599,0.07491197241103949,13.965232731084994,17.616216112372243,19.618717193603516,26.233966827392578,0.9997911974787712,0.9816004745662212,14.0,4.0
117,5.3082900432900715,28.769320754716972,0.5181810834489643,0.9772727272727273,41.57078599655184,42.02325581395352,44.08740997314453,45.47996520996094,0.9998388886451721,0.9982732832431793,5.0,41.0
118,58.02104399701719,59.91633333333337,0.4296456649490587,0.9772727272727273,41.51122982160577,42.02325581395352,19.68903350830078,27.536041259765625,0.999891551101909,0.9410280284903232,2.0,4.0
119,80.18397674418605,77.4528181818182,0.10688236675845134,0.15743790709925093,25.698093614373107,31.459801767192527,26.830488204956055,28.025602340698242,0.9999487929873996,0.9999331633249918,23.0,41.0
120,59.37032258064518,58.15435064935066,0.05440899074503307,0.057244504665816556,25.19350406215257,25.20170061805931,48.42506408691406,51.52620315551758,0.9999960660934448,0.9999908606211344,18.0,33.0
121,55.180849056603805,55.78121951219515,0.03301192268388555,0.0134135748418898,11.570256812886727,12.70392854088924,16.607473373413086,21.819992065429688,0.8336297781788744,0.833395724146006,17.0,29.0
122,54.94747380239525,56.14064873417723,0.07209149104172101,0.09163307129589873,16.566651960556662,21.94519277618384,46.17462158203125,47.33502197265625,0.9999926601137433,0.9999856608254569,31.0,12.0
123,51.83681818181819,56.48572745901643,0.9772727272727273,0.9772727272727273,42.02325581395351,42.02325581395351,26.456880569458008,34.77732849121094,0.999918418271201,0.9998762777873448,38.0,26.0
124,70.03172873465935,73.95864329268294,0.6702222977227544,0.9772727272727273,42.01465111742924,42.02325581395352,29.57898712158203,35.6915397644043,0.8749905919812591,0.9998032251993815,19.0,32.0
125,55.40300000000002,60.80875,0.3316218320263439,0.9772727272727273,38.97228802319619,42.02325581395351,41.086090087890625,69.72827911376953,0.8890254460016472,0.9997043779918126,41.0,13.0
126,26.346212121212147,15.41500000000002,0.06527929898583994,0.1753100432936025,15.93612224512592,30.210858575648494,72.75647735595703,78.4792709350586,0.9995188415050507,0.9978873133659363,26.0,41.0
127,82.64500000000001,90.64600000000002,0.11618160354275978,0.08354566101862981,35.04882901641304,31.926760315849812,18.36507797241211,25.461210250854492,0.9996701329946518,0.9997528195381165,37.0,34.0
128,66.76500000000001,67.18220472440949,0.05651788434908919,0.05180911709575688,34.90856131662953,34.173243413888024,22.073915481567383,30.23931884765625,0.9999955097834269,0.9999930461247762,27.0,6.0
129,56.55071428571432,54.913289415898134,0.9772727272727273,0.9772727272727273,42.02325581395351,42.02325581395351,23.79892349243164,29.694883346557617,0.9999978542327881,0.9999977201223373,41.0,28.0
130,50.3827027027027,47.75143633540374,0.04364403884192266,0.06998845883442709,13.735185335009001,18.707277394219172,34.97663497924805,33.65587615966797,0.9999551773071289,0.9999837478001913,13.0,32.0
131,44.696422738693514,46.703673780487804,0.9772727272727273,0.7069555028697121,42.02325581395352,42.01675777338032,24.355316162109375,34.079078674316406,0.9999967302594867,0.9999973944255284,32.0,41.0
132,58.20117647058825,59.49583726415095,0.023531383132456826,0.026702219777851508,28.613667084126405,30.23557745584729,22.28182601928711,24.303571701049805,0.8888652403028472,0.857131553637633,4.0,6.0
133,50.270263157894775,44.54246165644173,0.027122190646843666,0.02577610824258633,6.188643613219979,6.0837834388571155,30.42932891845703,37.71969985961914,0.9999974966049194,0.9999973773956299,19.0,7.0
134,67.41166666666666,70.66431137724551,0.00857488457699008,0.009961544583177166,4.173124463392329,4.419199254824102,35.3542366027832,41.26887130737305,0.9997873703638712,0.9997687737147013,26.0,28.0
135,68.68488582507541,67.95525728987994,0.9772727272727273,0.9772727272727273,42.02325581395351,42.02325581395351,17.579835891723633,24.605356216430664,0.9999789476394654,0.9999803066253662,18.0,29.0
136,71.21116780045352,73.64370162297129,0.03549653362443107,0.015307415219475439,24.658713762287146,5.584421189632623,16.124126434326172,22.337059020996094,0.8750169019331224,0.8751246858155355,41.0,9.0
137,45.425000000000026,44.45625000000001,0.08252378707889599,0.07437007476107022,21.265404134010044,19.57040130178909,22.474943161010742,31.626676559448242,0.999997059504191,0.9999950726826986,17.0,41.0
138,75.68865384615387,69.36285714285717,0.025008687601484787,0.041093648854628,5.921919736646094,7.2068843428613345,17.148967742919922,29.815372467041016,0.9999966621398926,0.9999943256378174,10.0,30.0
139,55.89384615384617,55.32652953586498,0.9772727272727273,0.9772727272727273,42.02325581395351,42.02325581395351,37.5671272277832,42.05911636352539,0.9993485808372498,0.9992443442344665,41.0,16.0
140,55.28714285714287,51.05439748201442,0.9772727272727273,0.9772727272727273,42.0232558139535,42.0232558139535,44.57432174682617,72.90045928955078,0.9999666213989258,0.999993642171224,28.0,38.0
141,84.07128407460547,77.39371517027864,0.9772727272727273,0.9772727272727273,42.0232558139535,42.0232558139535,17.063745498657227,28.882076263427734,0.9374589880681015,0.9951774552464485,19.0,13.0
142,59.823816340782145,56.53250000000001,0.035453643612061284,0.029049962044547083,11.130081086497116,8.71197899266305,19.463512420654297,23.557401657104492,0.9999971560069493,0.9999954530170986,32.0,29.0
143,58.59000000000002,60.8533184079602,0.012011320089996492,0.01087335148851004,8.205404432637602,6.468148181775726,38.22679901123047,37.81144332885742,0.9229244481522563,0.9272987103390083,38.0,41.0
144,64.51723076923079,69.49714285714288,0.06837048314889559,0.054987181478250186,26.311650536607992,22.64977173536992,14.418234825134277,16.647985458374023,0.9994986653327942,0.9999865889549255,24.0,41.0
145,57.35497674418609,53.6649007633588,0.040343940687426236,0.049944237138409696,19.793074681360583,19.5343368369434,36.5908317565918,48.79629135131836,0.9999744594097137,0.9999648034572601,20.0,35.0
146,50.13899224806204,52.805488095238104,0.06554510604478557,0.029966092025670008,21.033609328830842,6.016252695282259,28.7445125579834,36.46772766113281,0.9121494029055942,0.999973020770333,1.0,7.0
147,66.15447231833913,65.95144736842107,0.04767430397166093,0.03442516366248847,8.845043712083827,8.082225607072072,21.6658992767334,22.785425186157227,0.9998171558746924,0.9998112137501056,14.0,32.0
148,69.54358111501762,70.32878787878789,0.02144025875123163,0.03218493019328375,7.7124675552239275,6.110620589118104,54.75580596923828,59.36979293823242,0.9996485233306884,0.9994570553302765,11.0,34.0
149,39.36452173913045,35.97276190476194,0.017346657713003144,0.016554402186682,10.020289088779458,10.000864480007547,26.149513244628906,34.45790481567383,0.9999976754188538,0.9999977052211761,41.0,25.0
150,65.29532967032969,64.13816923076925,0.0042001916427464505,0.004034678493380793,2.5720697421573604,2.567853709908618,54.152191162109375,69.29229736328125,0.9995339016119639,0.9995714525381724,30.0,13.0
151,86.35288461538462,74.6504166666667,0.010555221843344734,0.010046411767281573,4.015545793403758,3.9382652694001647,31.837547302246094,45.0750617980957,0.9998905062675476,0.9967667375292096,41.0,41.0
152,63.696800000000025,62.950096774193554,0.8632822786160278,0.9772727272727273,42.02244717016938,42.02325581395352,31.742328643798828,36.53215026855469,0.9999935925006866,0.999966949224472,35.0,3.0
153,60.55757575757579,65.17212121212124,0.9772727272727273,0.9772727272727273,42.02325581395349,42.02325581395349,40.37571716308594,49.431941986083984,0.999997079372406,0.9997184574604034,14.0,29.0
154,63.98947368421055,60.49674254966888,0.055285943162329085,0.015975540178736994,15.178749307118284,10.538716870429905,17.39830207824707,27.784503936767578,0.9999868358884539,0.9999787977763585,10.0,30.0
155,39.514758364312286,38.98327272727275,0.9772727272727273,0.9772727272727273,42.02325581395351,42.02325581395351,28.58509063720703,31.258787155151367,0.8334244103947034,0.8334207538476525,41.0,28.0
156,57.57553988718777,56.052081741787674,0.9772727272727273,0.9772727272727273,42.02325581395351,42.02325581395351,29.364990234375,37.97943878173828,0.9998448640108109,0.9999479986727238,40.0,4.0
157,79.15414046121595,79.54420845624388,0.9772727272727273,0.9772727272727273,42.0232558139535,42.0232558139535,34.98171615600586,51.097599029541016,0.9994526132941246,0.8749426503072755,22.0,8.0
158,51.501846153846174,51.49343925233646,0.008061659854829829,0.011164219249978123,9.665226601853037,10.588250457900665,43.134456634521484,61.2821159362793,0.9999304860830307,0.7502408547734376,30.0,8.0
159,42.71833333333335,45.07552631578949,0.09051220324795393,0.09175967959718324,18.266913528743675,18.549323640937985,32.507747650146484,33.324546813964844,0.9999959468841553,0.9999974370002747,41.0,32.0
160,77.86975675675679,74.85000000000002,0.03155113483057939,0.03099291977988253,5.520266348215592,5.647928316641093,32.145469665527344,37.83922576904297,0.856929602371695,0.8459285171702504,41.0,41.0
161,88.22860286028605,85.8493137254902,0.020267678338237127,0.02169513994019756,3.252311925604727,3.3671474213241366,22.176748275756836,31.601478576660156,0.6260939823259832,0.749762713769087,3.0,23.0
162,88.5689160583942,86.71636131386863,0.9772727272727273,0.9772727272727273,42.02325581395351,42.02325581395351,35.435874938964844,38.974945068359375,0.9998687307039896,0.9997468855645921,33.0,14.0
163,52.33868544600941,54.12600938967137,0.01642310615019846,0.014882614990591812,9.785214755220647,9.258905944340912,19.319074630737305,20.743715286254883,0.9996451377868653,0.8242326021194458,41.0,15.0
164,52.26867268041238,53.759545454545474,0.07140555600921868,0.06961731120046975,17.63863683127757,17.649497950939434,33.03547286987305,37.37378692626953,0.9999333403327249,0.9998926032673229,23.0,21.0
165,30.06634146341466,33.50536585365859,0.4149441763594161,0.9772727272727273,41.24200605837964,42.02325581395352,13.863597869873047,19.213106155395508,0.999996018409729,0.9999961137771607,40.0,40.0
166,30.935740445859892,28.260853658536632,0.9772727272727273,0.7533026248361097,42.02325581395352,41.98896463158111,42.47642517089844,50.99787139892578,0.9972714270864215,0.9989155871527535,36.0,20.0
167,54.9927637614679,52.14334745762713,0.130615255274601,0.17183454447900776,39.31987571882231,40.26212355904225,30.103755950927734,38.00115966796875,0.9999967018763224,0.9999959071477255,12.0,37.0
168,80.73840619307835,80.87284313725492,0.05653024173658465,0.06142435333899869,9.76789050041217,11.036928826939704,41.89138412475586,58.42401885986328,0.9990948289632797,0.9962749108672142,23.0,10.0
169,62.861884124087595,63.545625000000015,0.3606104286335636,0.44840619105695495,41.50581719811832,41.72620593981059,23.633113861083984,22.97490119934082,0.9997989790780204,0.9997989790780204,39.0,4.0
170,82.67739726027398,88.67914634146344,0.015539855320833022,0.037643808700454036,7.4536376351980556,7.169466657833506,33.871910095214844,34.56877899169922,0.9998655120531718,0.9997693995634714,23.0,7.0
171,63.222294372294385,57.1656262939959,0.542626912666859,0.9772727272727273,41.6342788672134,42.02325581395351,22.659587860107422,27.385517120361328,0.9999977588653565,0.9999976634979248,28.0,25.0
172,67.11659766454355,64.98641350210974,0.9772727272727273,0.9772727272727273,42.02325581395352,42.02325581395352,30.511762619018555,32.863731384277344,0.9999963760375976,0.9999957084655762,41.0,5.0
173,60.76687074829937,60.19833333333335,0.9772727272727273,0.9772727272727273,42.02325581395352,42.02325581395352,24.23174476623535,35.43411636352539,0.994708813726902,0.9998994544148445,32.0,41.0
174,38.22071428571431,37.88694594594594,0.01361940413119345,0.013833066163531233,8.175901334306056,8.253283244302896,42.77534484863281,49.68821334838867,0.999996155500412,0.999992698431015,41.0,41.0
175,62.704101890756306,64.12000648340252,0.04537814570640015,0.04883773906855602,17.510783023385933,20.99625522618175,27.447948455810547,37.044219970703125,0.9365198515355587,0.9326455239516993,9.0,31.0
176,0.0,14.975000000000009,0.02446833193661698,0.02466321116006461,11.691529225598508,11.370970660464785,26.226682662963867,35.80420684814453,1.0,0.9999979734420776,30.0,15.0
177,77.86551807228918,72.9544285714286,0.9772727272727273,0.9772727272727273,42.02325581395351,42.02325581395351,22.54540252685547,31.78173065185547,0.9995507001876831,0.9200372596581777,25.0,41.0
178,9.479509803921616,9.46421052631581,0.016419661635494985,0.027906126388288807,10.945364315778543,12.890597212551647,27.113555908203125,37.48616409301758,0.9996514916419983,0.9996434450149536,9.0,41.0
179,69.1806991321119,61.649565326633194,0.9772727272727273,0.19595227948898458,42.02325581395352,37.80585212989134,25.241552352905273,28.81831932067871,0.8748825893308094,0.8888652706389419,25.0,32.0
180,43.54736823487798,44.65189217758987,0.04550940236192868,0.01742739038333855,11.364725403589912,12.369740736867652,18.76564598083496,25.03038215637207,0.9961430251598358,0.9961544215679169,19.0,26.0
181,70.09785087719301,69.423125,0.9772727272727273,0.9772727272727273,42.02325581395351,42.02325581395351,26.609508514404297,30.789533615112305,0.9998889294537631,0.9999810999090021,22.0,23.0
182,74.01700000000002,67.1962452830189,0.02874593683723825,0.008857854701171718,7.217746120668991,7.957166268075069,26.385164260864258,36.75025177001953,0.750247701711487,0.7705619428306818,11.0,9.0
183,75.47681818181822,74.98703477730325,0.025636998740027728,0.025412873639127993,6.070839805781966,5.940216024376498,11.50422191619873,14.823447227478027,0.9999807357788086,0.9999812245368958,41.0,37.0
184,71.17905511811026,61.421942771084346,0.9772727272727273,0.26910560918410625,42.02325581395351,41.146610434529904,34.31486892700195,68.60189056396484,0.8334304898259385,0.9999963839848837,6.0,17.0
185,84.04700000000001,83.2693181818182,0.0471756578025188,0.02062200518769069,17.721640907041053,14.998065469115755,23.70050621032715,24.310850143432617,0.6681365480374856,0.6007555512871476,29.0,41.0
186,62.458419117647054,63.559449850299444,0.9772727272727273,0.9772727272727273,42.02325581395352,42.02325581395352,42.00881576538086,51.972381591796875,0.8666991399867194,0.9999088644981384,4.0,8.0
187,64.4334430379747,64.01422222222223,0.018992554092860905,0.20561641776866066,4.681394269514627,39.864918616713204,17.583663940429688,24.5757999420166,0.8889016028131462,0.9033726983600192,29.0,7.0
188,37.66875000000002,31.42142699115044,0.10612965148645483,0.10667933920163226,33.37705284456734,34.174230079453814,14.353263854980469,20.060636520385742,0.9999561309814453,0.9993418653806051,36.0,16.0
189,55.39208333333336,57.21285583941609,0.03217828681261479,0.030932419085768267,5.0291017878417765,4.951779068926396,67.83586883544922,77.58385467529297,0.9999957879384359,0.9999972581863403,41.0,1.0
190,30.924695121951245,31.50380434782612,0.9772727272727273,0.9772727272727273,42.0232558139535,42.0232558139535,32.912567138671875,33.62113571166992,0.9999979734420776,0.9999979734420776,41.0,28.0
191,49.062377049180355,51.3566666666667,0.9772727272727273,0.9772727272727273,42.02325581395352,42.02325581395352,28.456315994262695,34.37587356567383,0.9999756614367167,0.9999744494756063,36.0,26.0
192,45.60612288135596,52.402375000000035,0.9772727272727273,0.9772727272727273,42.02325581395349,42.02325581395349,43.0919189453125,59.27443313598633,0.9999926090240479,0.9996957182884216,18.0,40.0
193,62.18063559322036,57.08442028985509,0.9772727272727273,0.9772727272727273,42.02325581395349,42.02325581395349,37.557273864746094,40.947452545166016,0.9999854803085327,0.9999681711196899,27.0,6.0
194,55.09642592592594,52.90258536585367,0.02290658908024983,0.0272274515180165,6.052437820124441,5.4704799390330345,20.599157333374023,24.858983993530273,0.777932315938718,0.7779594595324144,41.0,22.0
195,56.72018292682927,55.45319553805777,0.07255855766147414,0.09509988826177239,15.337897949978633,19.63444102796905,21.70395278930664,31.259122848510742,0.999997353553772,0.9999971389770508,31.0,39.0
196,57.367805118110255,57.36906250000003,0.012733345016271385,0.01271266187847576,8.495782283457412,8.413473576436711,25.785507202148438,25.563514709472656,0.9999979734420776,0.9999979734420776,41.0,25.0
197,84.09565789473685,86.28200534759361,0.0313525497739362,0.035183911319295734,12.586974839986109,13.580519531631085,19.39079475402832,23.24272346496582,0.8890294497315254,0.992726856470108,29.0,38.0
198,27.08425287356323,27.11627039627041,0.04085144312515267,0.017744657852496702,9.476403251967637,9.32460990470498,44.59330368041992,49.015419006347656,0.9999971389770508,0.9999956488609314,41.0,15.0
199,69.40300000000002,67.96679946524065,0.9772727272727273,0.19216090723246085,42.02325581395349,40.34888325213383,24.52161407470703,25.827341079711914,0.9999595085779825,0.9999215404192606,41.0,3.0
200,59.35984415584417,63.99991869918699,0.05050137093360986,0.05575766911531065,9.32715471083865,9.669849735082218,38.26451110839844,48.501102447509766,0.9998166114091873,0.9999183058738709,40.0,41.0
201,56.43951724137932,56.33130446927376,0.4884003230001781,0.9772727272727273,41.29204334377943,42.02325581395351,31.588054656982422,37.87079620361328,0.9998943938149346,0.8889400301785726,17.0,11.0
202,66.56325396825397,63.30785714285716,0.012105242359448253,0.01287531873722319,4.373055336873875,4.938210583467297,36.17345428466797,48.18085861206055,0.8759923186153173,0.7759487805758707,2.0,31.0
203,57.68644736842106,64.99500000000003,0.009775883155629108,0.006520705421361882,7.170654740057603,6.381240996589847,18.75676918029785,22.834951400756836,0.9999977350234985,0.9999977350234985,8.0,28.0
204,63.06891156462589,60.276513157894755,0.07295848870165074,0.07128529105291508,14.243468879282936,17.31010007563589,39.36170196533203,49.24185562133789,0.9999874830245972,0.9999183075768607,3.0,2.0
205,72.86209090909092,72.1481086028066,0.01064843035320968,0.00968241309228988,3.190646639461952,2.9526255856487404,17.9052791595459,24.118837356567383,0.9067382462322712,0.898989699035883,14.0,18.0
206,80.96915920398011,79.26295305164322,0.9772727272727273,0.9772727272727273,42.0232558139535,42.0232558139535,25.783287048339844,32.61323165893555,0.9284749611813042,0.9281806671060622,3.0,6.0
207,11.670312500000023,8.141940298507478,0.9772727272727273,0.9772727272727273,42.02325581395352,42.02325581395352,26.259191513061523,33.444374084472656,0.9999980926513672,0.9999980926513672,10.0,14.0
208,69.8817179670723,69.35165697674421,0.02045551295520971,0.02581870589716039,7.670692151545515,7.816901595787093,53.534645080566406,55.773399353027344,0.8973350708954968,0.9968359687111594,41.0,28.0
209,32.74757528957531,27.859615658363012,0.676155969452977,0.6178043817447894,42.00200480148878,41.992261684648554,16.287261962890625,20.616334915161133,0.9999977350234985,0.9999977648258209,12.0,35.0
210,82.59785714285717,79.05337837837838,0.03658910326761893,0.036962337578713644,23.456537823036268,23.528406265117518,25.367923736572266,34.01002883911133,0.9999877413113912,0.9999425907929739,1.0,41.0
211,81.09594623655914,81.50500000000001,0.058032977659760746,0.0545867216972282,18.047633018561932,17.605184296326087,21.822521209716797,29.37177085876465,0.9860346104417529,0.9501765874715952,7.0,12.0
212,54.445108471074406,57.667857142857144,0.0513585249662422,0.0558120840294743,11.642670155026023,11.40976904481041,39.64867401123047,39.09396743774414,0.5715743603307472,0.6250558161982553,41.0,18.0
213,54.71585714285716,52.21375000000002,0.8016139895495402,0.9772727272727273,42.01662374914879,42.02325581395352,18.459684371948242,19.624591827392578,0.9999979734420776,0.9999979734420776,37.0,6.0
214,53.27214285714285,51.63178321678325,0.2973327180306575,0.25470017023944086,39.6265005981226,39.23064073920672,17.673023223876953,25.756961822509766,0.7699756877510271,0.8350848166301148,32.0,33.0
215,36.224841437632165,43.5778340080972,0.9772727272727273,0.5622219252995424,42.02325581395352,41.71716744099597,148.05197143554688,164.96099853515625,0.9999922633171081,0.9489646330475807,41.0,5.0
216,52.250113636363665,47.977386363636384,0.021625923594384137,0.029844783006595994,15.14184012903435,19.223499335580183,40.61600875854492,44.66009521484375,0.9998833877699715,0.9999520948954991,41.0,21.0
217,59.76382352941178,60.6862130177515,0.09394612118876718,0.10904537681330553,20.59681415297623,22.720904838637026,49.790157318115234,52.17123031616211,0.9998524387677511,0.9998340904712677,41.0,24.0
218,46.25705263157897,48.1653233082707,0.008297748584592163,0.013488976164321926,3.8051346201971876,6.9471260856091765,21.225461959838867,25.698976516723633,0.9999949634075165,0.9999945163726807,5.0,19.0
219,65.09566301703165,63.24310827250612,0.9772727272727273,0.9772727272727273,42.02325581395352,42.02325581395352,29.090749740600586,47.1238899230957,0.9999967336654663,0.9999969005584717,38.0,12.0
220,44.93600775193801,45.427985347985356,0.9772727272727273,0.9772727272727273,42.02325581395352,42.02325581395352,58.04152297973633,68.20101165771484,0.9999950170516968,0.9999958515167237,41.0,22.0
221,64.97818548387099,61.86248711340207,0.5438671192789208,0.9772727272727273,41.932466173829816,42.02325581395352,39.2643928527832,54.66884994506836,0.9999160170555115,0.9999363819758097,28.0,25.0
222,63.65840375586856,63.80000000000004,0.014968188300698302,0.03519189579345022,5.195032478454913,9.792087990020194,20.2786865234375,27.496671676635742,0.9999978542327881,0.9999973773956299,18.0,41.0
223,47.60236974789916,51.671285714285716,0.04883286855541245,0.05257225033604456,14.345669207521704,14.737411430068523,14.98381233215332,17.2371768951416,0.9999959766864777,0.9999881982803345,32.0,21.0
224,54.881324122049534,54.72890563930767,0.01452741163789951,0.011855779818034179,9.664005727282136,7.0353286434865945,18.943824768066406,28.543601989746094,0.999989464879036,0.9999969899654388,8.0,39.0
225,49.241918994413425,52.34574590163936,0.9772727272727273,0.6704092395261639,42.02325581395352,41.987217687002136,36.87080383300781,39.919227600097656,0.9999894433551364,0.9999881982803345,8.0,12.0
226,42.433859890109886,42.61754213483147,0.04167939888438493,0.02751795376686078,8.117411250528614,10.10592894665871,33.940040588378906,33.853755950927734,0.999991257985433,0.999985416730245,41.0,41.0
227,75.2031428571429,70.24768750000003,0.45035686245007417,0.5014706148409976,41.96510406188807,41.99125871333362,69.7477035522461,88.09233093261719,0.9941662748654684,0.7781531142019149,9.0,34.0
228,67.99950248756222,64.39303921568629,0.039510943110948604,0.03957441957133489,8.411542110457058,8.364697621726402,44.79492950439453,51.335323333740234,0.9999926090240479,0.9999974966049194,5.0,40.0
229,70.29736842105264,69.40164565826333,0.9772727272727273,0.1391450126002939,42.02325581395351,30.23687622191353,21.93964958190918,25.741165161132812,0.9998846650123596,0.9999105095863342,16.0,30.0
230,70.46913171449597,70.57355228586442,0.13094177230856802,0.1247324622036869,41.781278467477556,41.77873180281908,20.870189666748047,31.63703155517578,0.9948836117982864,0.7154857656700188,22.0,17.0
231,61.912032967033,59.91571428571429,0.08323472485882621,0.07414610688393043,24.571743902330418,23.85619887718278,41.32414627075195,49.702938079833984,0.999937375386556,0.9999246994654337,4.0,20.0
232,62.53253623188408,57.460897435897465,0.035667938255442344,0.023807222032447273,29.29327783990484,23.888887185863783,22.909372329711914,36.64470672607422,0.8713208550479976,0.8713128391354985,32.0,41.0
233,72.03410919540232,79.47333333333336,0.0015233592083157485,0.0015110530762679777,3.2434927019721123,3.210332729164446,26.421920776367188,23.66815948486328,0.9891581177711487,0.9998828073342642,38.0,15.0
234,31.641111111111115,31.041666666666686,0.07407837126310622,0.08868183702084216,22.994075488301394,24.986330521935095,44.0248908996582,48.33308792114258,0.999720287322998,0.800257548619993,37.0,33.0
235,79.20277423920739,79.62020807453419,0.038415540145534374,0.011797400274776113,11.715271818839282,13.002789743333075,18.107383728027344,22.5443172454834,0.9999976307153702,0.9997025728225708,28.0,24.0
236,59.51318181818186,61.06829268292684,0.09196444198216683,0.19725753825710243,36.278435359663284,39.36437690670451,19.214887619018555,22.408777236938477,0.9994556705156962,0.9995195170243582,35.0,29.0
237,79.56791563275436,81.02500000000002,0.9772727272727273,0.9772727272727273,42.02325581395352,42.02325581395352,13.437033653259277,13.540600776672363,0.9999430477619171,0.9999102904246404,41.0,18.0
238,68.00376311188812,66.0993915562914,0.9772727272727273,0.9772727272727273,42.02325581395351,42.02325581395351,13.421006202697754,26.538908004760742,0.9999720624514988,0.9997861215046474,4.0,18.0
239,54.94150862068969,57.25209898843933,0.08788588773218896,0.10048069033035212,26.366013767706455,27.632137790876303,15.259832382202148,19.46271514892578,0.9999966791697911,0.9999831574303764,33.0,41.0
240,79.01993674698795,80.1067,0.3964277361198642,0.9772727272727273,41.274383640720124,42.02325581395352,31.1289119720459,31.13864517211914,0.8420577728106046,0.8551427014784789,23.0,41.0
241,50.62901677721422,50.26367768595043,0.9772727272727273,0.6525835034948522,42.02325581395352,41.96492353936335,22.08729362487793,24.60344886779785,0.9999905228614807,0.9999843835830688,21.0,5.0
242,59.83229946524065,62.56717391304349,0.05214743744677994,0.03824187654026148,18.709094139507148,9.874601091133318,31.026521682739258,39.952919006347656,0.9993805885314941,0.9989316633769444,37.0,37.0
243,58.4996701030928,59.64370588235296,0.008517721130410275,0.008591991157440812,5.718509302210377,5.7695035484589265,31.426841735839844,34.48813247680664,0.888650041888468,0.8886181534035131,41.0,41.0
244,58.328063063063084,56.70777777777779,0.04315628259651877,0.12848485890930023,20.551534746728077,30.731344155261343,18.070833206176758,23.463165283203125,0.9997399568557739,0.9999536395072937,19.0,31.0
245,53.38935251798563,54.467132867132904,0.48438109653183736,0.9772727272727273,41.63876871948821,42.02325581395351,47.31575012207031,47.739952087402344,0.9231125385178109,0.8513351835113449,36.0,38.0
246,59.551697956273756,59.18759362840467,0.22047406522735044,0.9772727272727273,35.65611046230433,42.02325581395351,28.766895294189453,45.234703063964844,0.7999830755793179,0.9320529961104815,15.0,13.0
247,70.55672043010756,70.76676470588238,0.9772727272727273,0.9772727272727273,42.0232558139535,42.0232558139535,25.93577003479004,35.09294509887695,0.9999484419822693,0.9999301944460187,10.0,30.0
248,83.45025862068967,90.99290222772278,0.9772727272727273,0.9772727272727273,42.0232558139535,42.0232558139535,17.010480880737305,28.423564910888672,0.8568803062995097,0.9993514333452497,15.0,15.0
249,58.76440000000002,61.34123966942151,0.9772727272727273,0.9772727272727273,42.02325581395351,42.02325581395351,38.38749694824219,52.479068756103516,0.9999184409777323,0.9999701976776123,7.0,38.0
250,81.21021782178221,79.15696543778803,0.026340973665690392,0.04171304071222066,15.229972704508786,20.826687421897162,25.670751571655273,37.522430419921875,0.9996064636442397,0.9999043676588271,19.0,36.0
251,78.52991935483874,75.6535416666667,0.9772727272727273,0.9772727272727273,42.0232558139535,42.0232558139535,16.83075523376465,20.123687744140625,0.9999587450708661,0.9999588813100543,39.0,37.0
252,0.0,30.2334210526316,0.9772727272727273,0.9772727272727273,42.02325581395352,42.02325581395352,16.932523727416992,23.85904884338379,1.0,0.999997615814209,34.0,17.0
253,69.05511363636364,67.6975657894737,0.02205896341420106,0.023734658638860914,4.487275438174087,4.918277038138339,41.17556381225586,36.62489700317383,0.857156024181417,0.8572332927391731,29.0,36.0
254,61.12304093567255,63.73333333333335,0.014620191172214763,0.018363803727928802,6.243857410489783,6.29674073746979,19.641496658325195,30.105716705322266,0.9999484494328499,0.9995259940624237,21.0,2.0
255,59.85081188118815,63.11500000000002,0.1092138659099829,0.09690753468729527,21.55940415996309,19.941743909936015,28.018653869628906,27.371774673461914,0.7499508494074689,0.6690790426315895,37.0,41.0
256,30.489293941979525,38.78541666666669,0.2215809960932603,0.9772727272727273,38.8445402401845,42.02325581395349,21.034130096435547,28.01848030090332,0.9999976839338031,0.9999965599605015,2.0,36.0
257,71.33394648829433,70.42202763256161,0.047414715174425165,0.04559606845779738,12.105639836889665,12.063392459638774,38.763832092285156,42.95079040527344,0.9998528261979421,0.9998283783594767,6.0,11.0
258,42.004912280701745,41.958269230769275,0.9772727272727273,0.9772727272727273,42.02325581395352,42.02325581395352,17.884632110595703,22.085874557495117,0.9999979257583618,0.9999979496002197,31.0,12.0
259,52.980594512195154,58.64952034883723,0.08213695074731238,0.08388682792539366,15.524260776798481,15.980277990953466,18.541484832763672,22.606828689575195,0.9999828508922032,0.9999210834503174,17.0,41.0
260,69.13904761904764,71.17564102564104,0.9772727272727273,0.9772727272727273,42.02325581395352,42.02325581395352,43.96848678588867,48.77653121948242,0.9997941255569458,0.8752163646713598,33.0,3.0
261,65.79821428571432,77.96500000000002,0.03819182040506311,0.04385538944329229,6.324094036750247,9.143229343429205,28.2541446685791,33.3201789855957,0.9999975760777792,0.999997079372406,30.0,19.0
262,63.394000000000034,63.924117647058836,0.9772727272727273,0.9772727272727273,42.02325581395352,42.02325581395352,39.441036224365234,45.91090393066406,0.9997517721993583,0.9372413493547356,12.0,32.0
263,79.69164546225618,73.43845904298462,0.10179575743702234,0.11533401251869775,30.634495936467985,31.859093899483803,25.50135612487793,41.774845123291016,0.9999877959489822,0.9999753087759018,12.0,18.0
264,67.72091603053437,64.70138686131388,0.9772727272727273,0.9772727272727273,42.02325581395351,42.02325581395351,18.25714874267578,27.595216751098633,0.9999677737553915,0.999877909819285,41.0,11.0
265,59.196470588235314,55.86473312883439,0.9772727272727273,0.9772727272727273,42.02325581395352,42.02325581395352,25.83504295349121,41.262054443359375,0.9999308652347989,0.9997351103358798,33.0,16.0
266,64.97500000000004,65.35324561403509,0.05748100184988975,0.08437229615731405,12.044813037757432,19.684778423637205,38.006866455078125,55.67823791503906,0.9999975562095642,0.9999976754188538,8.0,36.0
267,64.85175000000001,66.1970159151194,0.9772727272727273,0.9772727272727273,42.02325581395351,42.02325581395351,29.090770721435547,32.552085876464844,0.9091640539382669,0.9167733554301473,21.0,41.0
268,0.0,0.0,0.03159200118364764,0.036105093978175615,28.35170480552103,24.733712965430477,18.749406814575195,18.260889053344727,1.0,1.0,33.0,41.0
269,65.36629032258067,64.9896153846154,0.02285485900748847,0.02060272748285596,18.90850663769726,17.005618440825142,22.649179458618164,33.49949645996094,0.9996461570262909,0.9995863835016886,28.0,24.0
270,62.17701923076925,61.79700487012988,0.9772727272727273,0.9772727272727273,42.02325581395349,42.02325581395349,24.19693374633789,26.184059143066406,0.9999923365456718,0.9999932050704956,17.0,41.0
271,71.084878238342,69.33151036269432,0.29937681644890796,0.9772727272727273,40.49917902697894,42.02325581395352,22.47509765625,39.4783935546875,0.9999690055847168,0.8888141841501541,22.0,18.0
272,7.216013513513531,1.349085365853682,0.00957770478837817,0.0128915018477109,6.69670883473515,7.120030528125458,21.36101531982422,30.488182067871094,0.9999979734420776,0.9999979734420776,39.0,34.0
273,80.30875,79.42751263335207,0.026813299564751914,0.025356494013992457,16.238541187656935,14.902172714010113,59.606475830078125,74.54815673828125,0.6400328629877715,0.7503277830158671,28.0,41.0
274,96.85666666666667,93.47266666666667,0.05918863933114042,0.04048079408850412,16.494008894559357,8.534493955439723,15.063363075256348,15.153071403503418,0.9999675750732422,0.9998399913311005,41.0,24.0
275,54.78705380577432,57.407987804878076,0.09934001065693167,0.11255085151502707,40.993739709954944,41.13091530898977,23.158920288085938,26.0972900390625,0.9089807540678355,0.9089307349336608,36.0,4.0
276,73.01250525210085,70.87973214285715,0.121917093633796,0.082937869654342,37.79224573757171,33.26208769751206,22.31855010986328,38.17390060424805,0.9992534943989345,0.9303576009614127,2.0,1.0
277,55.66772727272732,58.90419580419584,0.10485200698541294,0.12331690588896324,21.128357957033188,24.78528309306416,29.841413497924805,38.4786262512207,0.5008206599256179,0.8331156621764725,11.0,41.0
278,78.32952238805973,73.80778082191783,0.0075743881179648415,0.014656598139743592,3.8247016053200484,3.9478486524491743,33.45551681518555,56.95033645629883,0.7503930754319299,0.9991073161363602,26.0,16.0
279,56.32318181818184,57.685444038929475,0.41842904791522184,0.9772727272727273,41.955022119767314,42.02325581395351,19.11472511291504,21.87923812866211,0.9997834801673889,0.8011258391663432,36.0,30.0
280,59.86119266055047,64.05461538461539,0.9772727272727273,0.9772727272727273,42.02325581395352,42.02325581395352,17.55561065673828,26.688745498657227,0.999992569287618,0.9999933441480001,3.0,41.0
281,72.62972701149428,74.22247311827957,0.03449548933186468,0.04218213708019141,6.415542076604421,7.183562785497257,12.686934471130371,13.237584114074707,0.9996503049677069,0.9090290298389102,29.0,39.0
282,63.04297959183677,60.20483870967743,0.9772727272727273,0.9772727272727273,42.02325581395351,42.02325581395351,35.877017974853516,37.487388610839844,0.9999816119670868,0.9999707341194153,27.0,37.0
283,57.22424892703866,59.536538461538484,0.9772727272727273,0.9772727272727273,42.02325581395351,42.02325581395351,21.2655029296875,24.52662467956543,0.8336309966398403,0.9999735554059347,7.0,9.0
284,29.304803719008305,27.526831395348864,0.1180513376778684,0.11760826295008199,36.42721552570522,36.45599346111686,30.531919479370117,46.78102111816406,0.8578323927441878,0.9701020206723895,36.0,19.0
285,50.751173469387766,44.9289705882353,0.9772727272727273,0.9772727272727273,42.0232558139535,42.0232558139535,36.47620391845703,42.1782112121582,0.9999971389770508,0.9999956687291464,20.0,12.0
286,70.59358566978194,73.37232412060301,0.9772727272727273,0.9772727272727273,42.02325581395352,42.02325581395352,34.08721160888672,32.52592468261719,0.9995224092687879,0.8949209015946298,2.0,31.0
287,67.56072495849475,66.14127840909092,0.9772727272727273,0.9772727272727273,42.02325581395352,42.02325581395352,27.35898208618164,28.576879501342773,0.837290667808702,0.9983463048934936,25.0,41.0
288,62.842600250626575,62.317412935323404,0.06438485064952991,0.066656090871464,17.494527882346265,18.458173969661658,23.581857681274414,32.294090270996094,0.9999939680099488,0.9999965190887451,10.0,22.0
289,77.40200000000002,70.36750000000002,0.34786942261813886,0.014425585469970631,41.1741616389935,7.809042542601382,17.049297332763672,18.36600685119629,0.999992291132609,0.9999977946281433,41.0,15.0
290,56.21304812834225,54.04425233644862,0.02360566686657348,0.03701247663431202,5.512284638342012,5.5491349538543435,14.249235153198242,21.58111000061035,0.9999594787756602,0.9999969402949015,41.0,30.0
291,70.12205970149255,76.38430000000002,0.08854247996603959,0.03400275437445568,22.622626693864902,6.543807455600445,35.97278594970703,39.779964447021484,0.9997281034787496,0.8900028348176016,11.0,41.0
292,69.64945736434113,69.22166666666669,0.04389198128228562,0.018050778658103697,13.155585270907524,15.134559554478876,31.276700973510742,45.50173568725586,0.999426394701004,0.9996606558561325,41.0,30.0
293,57.317828947368426,56.05826923076927,0.015664111085727832,0.022699666099445123,21.554261420206135,24.130412733281585,21.168861389160156,20.626798629760742,0.9999955892562866,0.9999953508377075,8.0,38.0
294,86.70500000000001,90.66141025641029,0.47639099323420253,0.9772727272727273,41.176099639476625,42.0232558139535,31.61492347717285,62.518394470214844,0.9999755322933197,0.999925947189331,34.0,6.0
295,42.02559210526317,44.25476485148516,0.0219409462805147,0.046592118103528035,7.331598530121101,8.426030047168581,41.40205764770508,44.00851058959961,0.99990485395704,0.9999042664255414,33.0,35.0
296,62.36785714285713,63.546607294317255,0.9772727272727273,0.9772727272727273,42.02325581395351,42.02325581395351,34.636104583740234,37.78671646118164,0.9999764710664749,0.9999755024909973,10.0,8.0
297,0.0,0.0,0.29381703739701576,0.11111126984810192,41.26488091204688,36.78339770281688,46.91727828979492,61.89714050292969,1.0,0.9999972581863403,16.0,33.0
298,69.24718283582091,67.1714598540146,0.9772727272727273,0.9772727272727273,42.02325581395352,42.02325581395352,30.944570541381836,30.248815536499023,0.8571643369900163,0.8334690306316285,1.0,19.0
299,64.01919543147211,65.65222448979593,0.08829898329073083,0.1015312177100648,31.948582943293047,33.55803830813966,16.483518600463867,17.50200843811035,0.9999377065234714,0.9998777310053507,41.0,27.0
300,54.09433333333334,52.74044827586209,0.13459446843420353,0.12689349699407665,41.422234449906696,41.31454528604161,24.05392837524414,27.81452178955078,0.9999552667140961,0.9999591410160065,41.0,41.0
301,60.085879505110285,63.22711143695017,0.4099472933833837,0.9772727272727273,41.983922733412875,42.02325581395352,22.092748641967773,34.07354736328125,0.8103992906166241,0.8945740865387052,30.0,22.0
302,53.1672549019608,54.812995780590754,0.24510076676155257,0.19423794514441237,39.177591638429675,37.4677011199532,24.589561462402344,24.894296646118164,0.9999969005584717,0.9999968528747558,15.0,31.0
303,47.823883647798766,52.94174242424245,0.03008127710674796,0.028861085008073956,9.527549729245486,9.046816937877516,58.99913024902344,89.35516357421875,0.9997991919517517,0.9999650716781616,29.0,4.0
304,63.21099085365856,65.4330241935484,0.009996260677338937,0.0093483269757802,3.8278735728202196,3.5678374798555414,28.573976516723633,33.9671516418457,0.8577030994929373,0.9997483747346061,26.0,21.0
305,0.0,0.0,0.6277980639964176,0.6208306108777881,42.00902725491453,42.008362518874726,26.306289672851562,27.805940628051758,1.0,1.0,41.0,25.0
306,85.251,82.20125,0.016676938496675626,0.01615806061182455,6.621494763201004,6.287443925988615,23.450035095214844,28.705829620361328,0.8804382388156632,0.8886574512063008,34.0,41.0
307,77.58892583120208,77.27771493212673,0.5064931749885668,0.5650635246346088,41.925518769782144,41.94495863188459,19.368228912353516,19.623409271240234,0.9375884722685441,0.8750835802638903,34.0,41.0
308,71.03875000000001,71.96351330203444,0.24351849928539787,0.23258458814550767,41.04895284368829,40.973816498179815,33.417484283447266,33.863643646240234,0.9411247481783742,0.9405734487603802,6.0,23.0
309,82.58405103668264,81.93821705426359,0.23317307298291895,0.13104257688918192,41.80010363695962,41.395902225522455,59.995025634765625,61.72892761230469,0.901312548678834,0.8514397762541194,25.0,27.0
310,81.24755555555556,80.77761656441719,0.077242475839258,0.09314684904077837,21.668375580197043,23.00564658122712,27.567901611328125,29.748872756958008,0.999908533361223,0.9998595515886942,20.0,41.0
311,44.47989473684213,51.520846153846165,0.04886791656889178,0.04398600285255449,10.090296081086251,9.111912297761727,13.354455947875977,18.850109100341797,0.9999966323375702,0.9999816417694092,13.0,5.0
312,54.52094827586208,58.511207627118665,0.9772727272727273,0.9772727272727273,42.0232558139535,42.0232558139535,33.27181625366211,33.371456146240234,0.8212593438061462,0.9106744749640877,7.0,7.0
313,56.73802030456855,54.65576923076925,0.024757707060044338,0.02525387533622927,6.5725493551831145,6.6340106655113305,29.382770538330078,37.22062301635742,0.6667975059826858,0.8325664111180231,17.0,35.0
314,50.385923913043484,50.831666666666706,0.10662431384405194,0.08822182338574948,22.482403676676352,18.569807767969785,52.908477783203125,49.87979507446289,0.6681868652813137,0.5017312827985734,39.0,2.0
315,46.586490797546034,44.19329914529918,0.026460338144081903,0.0204948555985962,8.176000079656802,8.993507048721616,26.164470672607422,28.406688690185547,0.8890966647563295,0.8752435826172587,41.0,39.0
316,63.98142021720972,65.29160714285715,0.0364164375773429,0.027860481989743866,16.262116956781508,13.559554939340913,25.895357131958008,27.669015884399414,0.9999518692493439,0.9999886751174927,41.0,25.0
317,67.98417628057223,65.03361429832306,0.03156605579457325,0.03172861189914357,26.816890696380632,26.72986246497637,16.72576904296875,23.819454193115234,0.9995697736740112,0.9000762471929192,32.0,22.0
318,70.01965525982257,69.52317662682604,0.4857835557190238,0.5602517934194065,41.979418826909196,41.99966125691309,19.040508270263672,22.578969955444336,0.9999932902199882,0.9999944312231881,21.0,16.0
319,39.48199852507375,19.74230769230769,0.9772727272727273,0.9772727272727273,42.02325581395352,42.02325581395352,39.8851432800293,45.98942947387695,0.9994843959808349,0.9999979734420776,9.0,21.0
320,63.36255696202532,66.8778181818182,0.11215639753315525,0.40141471178671806,40.72927115210131,41.8541408222914,25.82338523864746,30.557968139648438,0.9999951720237732,0.9999962747097015,41.0,14.0
321,20.52005940594063,19.05905194805196,0.030248693947364454,0.029381883015693062,8.885310408578471,8.531958722118175,40.33792495727539,48.76361083984375,0.9999887645244598,0.7503782781132031,41.0,17.0
322,68.69594221105528,68.8773529411765,0.9772727272727273,0.004367580257184343,42.02325581395351,3.967644652139114,49.50518798828125,53.91023635864258,0.999844110929049,0.9231204265871873,6.0,13.0
323,83.98659090909092,78.84918972332018,0.011263403854079538,0.03202081805038434,5.751028915921765,6.3761539720892815,32.71129608154297,41.49471664428711,0.9996166706085206,0.9995543181896209,35.0,41.0
324,66.96032894736844,68.98191176470591,0.01860070112145594,0.018719229952983574,10.658955140113846,10.492460296684643,28.65289306640625,24.90613555908203,0.9998524387677511,0.9999552567799886,9.0,21.0
325,47.83470886075952,48.36125000000001,0.06019385561214079,0.0619547736219046,12.61485112655984,12.21109614838415,36.91267013549805,36.097877502441406,0.9993999467955695,0.9994567036628723,41.0,41.0
326,52.76427906976747,49.71000000000001,0.21371748082035955,0.23180831241695443,38.83860550179998,39.37302625077115,37.81614685058594,45.73585891723633,0.9999975860118866,0.9999975264072418,39.0,15.0
327,72.38959677419356,71.70733870967744,0.21316771608222754,0.23420823470695912,40.02701094237412,40.3060427989714,25.358531951904297,29.10021209716797,0.9999723775046212,0.9999475819723946,41.0,41.0
328,18.14775862068967,29.229019058296004,0.05201568653605319,0.07338913633907851,23.15181498325638,30.0410733231167,28.644123077392578,29.987974166870117,0.6669259699410759,0.6674798568710685,19.0,26.0
329,86.24285714285718,88.19704198473283,0.5353566200145322,0.6890389108264763,42.00105769460918,42.01543304989111,25.79168701171875,26.23474884033203,0.8458044754375945,0.7694499850138248,1.0,39.0
330,63.07365657216498,60.74673238255036,0.03141254621754737,0.03276679721498343,10.378306151063342,10.592924633248092,22.552112579345703,25.079809188842773,0.9994897683461507,0.9332124415940295,33.0,11.0
331,55.18381226053643,56.83773809523811,0.0163271775723971,0.009719135046238335,6.986191635698052,7.156765705632177,61.207733154296875,60.147499084472656,0.9368868878330378,0.9405805078499457,34.0,4.0
332,64.09201923076924,63.924117647058836,0.24046115834267529,0.9772727272727273,38.33699184406678,42.02325581395351,25.040605545043945,35.340145111083984,0.9999883572260538,0.9999895493189493,5.0,13.0
333,75.58700000000003,72.40980198019803,0.02235737961099592,0.028388426439912053,4.662373112206922,4.47067842812991,34.163421630859375,59.56555938720703,0.8332938267461335,0.8853219449520111,11.0,7.0
334,73.58700000000002,73.91011940298509,0.16115528773111856,0.16358359519310592,34.747575273475825,34.34257332709254,25.696334838867188,31.192350387573242,0.9174932936827341,0.8876403416765647,22.0,41.0
335,56.750459459459464,56.21753020134231,0.9772727272727273,0.9772727272727273,42.02325581395352,42.02325581395352,23.556867599487305,27.36635971069336,0.9999527186155319,0.9999871551990509,12.0,41.0
336,66.47669354838712,63.806455254515626,0.9772727272727273,0.9772727272727273,42.0232558139535,42.0232558139535,23.71331214904785,30.517284393310547,0.9999495582147078,0.9092912859156389,1.0,14.0
337,81.8765423242468,80.29955836776861,0.9772727272727273,0.9772727272727273,42.0232558139535,42.0232558139535,28.10495376586914,28.42353057861328,0.8748700938594993,0.8664571190718562,25.0,27.0
338,62.86953488372093,66.29115384615386,0.14220272974497855,0.09040970961235735,34.29170941650242,28.105585977050126,27.927305221557617,35.50475311279297,0.8267236961983144,0.6650748967658728,14.0,13.0
339,58.863461538461564,60.09500000000003,0.25527838093460836,0.13887395309989248,40.335154670801856,36.01252747758801,30.823225021362305,40.379127502441406,0.8339813858425865,0.8366282268737754,24.0,18.0
340,58.515659509202465,62.42072580645163,0.01848821451677236,0.03450973781152706,11.574962469635793,9.657851859475995,30.858341217041016,31.148088455200195,0.9231433473670712,0.9229094266461638,41.0,27.0
341,61.604135338345884,58.698913043478285,0.028523378053957427,0.02903655371825976,13.689789356269161,12.774551790336767,25.434843063354492,37.437015533447266,0.9999199112256368,0.9999931653340658,41.0,9.0
342,50.10362637362638,50.525230769230774,0.053520186491655304,0.05604600093702438,13.153339984108577,13.988225022171788,26.59518051147461,34.09302520751953,0.9168109387877242,0.9168119421325779,24.0,11.0
343,67.46952898550725,77.11636363636367,0.02102413604753424,0.011791758934333974,5.292460566956348,5.400715799640304,24.144245147705078,26.992528915405273,0.99728422164917,0.9995788137118021,2.0,41.0
344,90.76391552511417,88.11550000000001,0.011972936463964978,0.041909261549484114,4.848181184449437,7.618100117453854,20.804948806762695,40.91191864013672,0.7273829640511064,0.7270418839101364,35.0,33.0
345,52.58792207792209,55.801426332288415,0.9772727272727273,0.9772727272727273,42.02325581395351,42.02325581395351,28.636987686157227,34.92267608642578,0.999958199262619,0.9999655663967133,21.0,8.0
346,77.17000000000002,76.34820351758795,0.03625120961112359,0.013082021076321863,6.251239032683338,6.306502875057086,23.795513153076172,30.205768585205078,0.9229966725509328,0.84695428420897,1.0,1.0
347,19.36500000000001,17.84250000000003,0.9772727272727273,0.9772727272727273,42.0232558139535,42.0232558139535,78.57879638671875,88.96784210205078,0.9999977350234985,0.9999974966049194,15.0,39.0
348,60.655625000000015,61.4327777777778,0.0894247099169804,0.04871322810636993,36.283636610692206,35.574562967407196,22.708906173706055,30.378639221191406,0.9999910422733852,0.999964751303196,41.0,15.0
349,56.00398009950251,56.15750000000001,0.015566137606111386,0.01564912162186863,2.989404726217021,2.5371388805103474,25.882726669311523,26.5189151763916,0.9999938488006592,0.9999940872192383,41.0,23.0
350,48.640000000000015,48.10109693877551,0.9772727272727273,0.4025810636169552,42.02325581395352,40.84202781596475,23.30858039855957,27.64931869506836,0.9999972184499105,0.9999965826670328,17.0,3.0
351,60.014256756756765,61.99070205479454,0.004698961334944054,0.004767676903481308,3.841280322382164,3.9212351745111897,30.011104583740234,36.373077392578125,0.9999591282435826,0.9974356038229806,28.0,41.0
352,61.58066807313644,58.362249827467224,0.09150561516061448,0.08340437724270258,26.077809024522956,23.591234634978385,26.429885864257812,35.440773010253906,0.8754671835631598,0.9998253658413887,23.0,41.0
353,62.457912087912106,57.012097694590295,0.30738158503575586,0.9772727272727273,40.56059674713331,42.0232558139535,21.094894409179688,29.287548065185547,0.9999947051207224,0.9999188631772995,24.0,33.0
354,57.44790229885058,53.49831050228312,0.020002750576278733,0.016405406729812957,3.2514376231611326,2.8872238459715884,42.498985290527344,53.209434509277344,0.9997084975242615,0.9997143387794495,16.0,35.0
355,80.02096590909092,78.19693446088796,0.007710807746354108,0.006464083748507631,3.4916934645909423,3.3827503281516162,23.070518493652344,30.696542739868164,0.9998120129108429,0.9996229946613312,23.0,27.0
356,29.196472868217086,23.831666666666706,0.39024335474962046,0.9772727272727273,41.6637740897481,42.02325581395352,44.826541900634766,61.539306640625,0.9999967813491821,0.999984085559845,15.0,41.0
357,40.49153281519861,46.59657894736844,0.023112146496631965,0.0186244697182767,6.600366268858929,6.428155757988725,22.53465461730957,27.01120376586914,0.9999963998794555,0.8335019873726802,12.0,19.0
358,57.075803834808255,59.555466360856286,0.022549953908476847,0.025604008389513096,16.90190352206941,17.221692336591712,31.02367401123047,35.66742706298828,0.8181715627056705,0.9090168859216977,9.0,41.0
359,61.20867741935487,63.480760869565245,0.052475369798003206,0.06133230368538344,11.12516332991509,13.069997793196695,21.092500686645508,27.316822052001953,0.8893496020076176,0.8897120190991296,3.0,7.0
360,59.13269230769234,64.36483495145633,0.012454109432482914,0.018725826766051896,8.0441281870038,10.033658320487886,13.621942520141602,16.432178497314453,0.9998680154482523,0.9999979734420776,23.0,39.0
361,21.0566666666667,32.076513157894766,0.07537413011152326,0.05255723036353515,19.182702122373712,13.268843914761154,107.13451385498047,165.47811889648438,0.5001038134651026,0.6667240607979087,5.0,32.0
362,65.98000000000003,69.90403846153849,0.034147587679998516,0.0245233987557323,5.175372194279853,3.9655170053660425,13.814220428466797,17.672027587890625,0.9999964237213135,0.999996542930603,40.0,26.0
363,46.520505617977534,47.217177914110465,0.03253772139400448,0.025860731165281165,8.410644605507004,6.085423900295252,38.29572677612305,47.400962829589844,0.9999963641166687,0.9999974966049194,41.0,1.0
364,53.032325581395355,52.297537313432855,0.09259317651225518,0.15832520127936903,30.40195318193259,34.96995217168909,41.127742767333984,53.474853515625,0.9998799264431,0.999934067328771,11.0,26.0
365,0.0,76.72500000000002,0.5307944132545492,0.614057295888797,41.99861673915527,42.00870298323408,124.34542846679688,121.8711929321289,1.0,0.9999978144963583,27.0,41.0
366,29.569241803278715,32.37905172413795,0.04232959923962172,0.04980736570745156,8.06927136489535,10.776801857950705,18.927982330322266,19.891464233398438,0.9999978144963583,0.9999979734420776,14.0,1.0
367,58.454031600407774,57.88215183509304,0.00554427351530994,0.005540831601954317,3.6151506028019265,3.608447329233537,30.76064682006836,35.813655853271484,0.999994233250618,0.9999921172857285,35.0,29.0
368,42.77234693877553,47.36500000000001,0.03907963211553253,0.03836384282184453,8.333845490437204,8.146070484445657,18.185108184814453,22.126358032226562,0.9999979535738627,0.9999979138374329,9.0,36.0
369,53.99500000000003,50.321890547263706,0.13031876397740413,0.10975797770158889,35.473058614115025,33.285093538201856,26.635780334472656,55.76972579956055,0.99840447306633,0.9999963045120239,18.0,35.0
370,79.39160714285715,77.08333333333334,0.9772727272727273,0.747958967584944,42.02325581395352,41.95945051132209,19.264537811279297,25.811981201171875,0.9094128621826795,0.9964643662626093,13.0,5.0
371,79.4848557692308,73.6272795497186,0.7260946296542177,0.9772727272727273,42.01766080334603,42.02325581395352,13.862051010131836,27.151721954345703,0.9999640583992004,0.9999382247527441,16.0,37.0
372,51.77789699570816,53.588103448275874,0.06385756203588937,0.045490391927979254,23.235201565066035,16.22301823662494,21.55545997619629,24.610382080078125,0.9999979138374329,0.9999979337056478,41.0,41.0
373,62.08873943661976,60.866153846153864,0.026216502716587996,0.01818544772511433,20.681276933004224,11.777984192837001,27.09553337097168,35.450958251953125,0.999891910288069,0.9999753917966571,24.0,8.0
374,73.75411290322583,74.9903506097561,0.047318400612619785,0.04979546107727621,16.282656041840397,17.863953508093317,20.138225555419922,24.534671783447266,0.8571561603457667,0.8571472382869355,32.0,5.0
375,59.542921511627924,57.446303733031684,0.9772727272727273,0.9772727272727273,42.02325581395352,42.02325581395352,19.98593521118164,26.685270309448242,0.7142723658806582,0.4363742843509369,14.0,3.0
376,63.41238696109363,64.67619047619048,0.9772727272727273,0.5029956395611646,42.02325581395352,41.693217477069496,27.557985305786133,27.92976188659668,0.9506378815509379,0.9996809452772141,39.0,5.0
377,62.4412198795181,62.333352272727296,0.07967210533126547,0.11115927123588713,21.99703909210542,27.129886988257823,26.21807289123535,26.863842010498047,0.999997786113194,0.9999978031430926,27.0,20.0
378,63.0441379310345,66.93654921700224,0.9772727272727273,0.4553334375941011,42.02325581395352,41.83007970017716,19.70558738708496,23.117027282714844,0.9999974966049194,0.999996018409729,41.0,17.0
379,65.64038461538463,69.65832061068703,0.025545231643866736,0.011000570457024086,5.193078144018382,4.790425702149159,17.41598129272461,26.380565643310547,0.9999964833259583,0.9998792807261149,41.0,9.0
380,55.4169230769231,55.87928683385583,0.06842554292091761,0.04929818232751452,19.437168852504605,14.210010287027936,23.706584930419922,25.775753021240234,0.9987928821490362,0.9822209660823529,39.0,8.0
381,71.01253813300795,77.90938311688313,0.4787066565274106,0.3863797122102354,41.96922200032669,41.9046024346905,26.919809341430664,32.3359260559082,0.9175068005919457,0.9050393432378769,41.0,28.0
382,83.42240305149397,79.98898461538464,0.9772727272727273,0.9772727272727273,42.0232558139535,42.02325581395351,38.80321502685547,52.306434631347656,0.9983969181776047,0.8338192813098431,3.0,6.0
383,52.55868292682928,50.43589312977102,0.0516827747181043,0.04477000835469786,17.507157578828288,15.37916114383356,36.03318405151367,46.99970626831055,0.9999938011169434,0.9999851584434509,38.0,24.0
384,49.2970790378007,53.58175438596491,0.0452516036630511,0.04790853533042147,15.600881671401766,11.128829081783667,12.082911491394043,19.64274024963379,0.9999948740005493,0.9999918937683105,12.0,41.0
385,80.90452425373137,75.28375000000003,0.17682157348080926,0.21080021862651194,34.499720006184184,34.4776272044454,40.644248962402344,61.665382385253906,0.9331694524807972,0.933235445455648,35.0,14.0
386,58.85650000000001,66.84221553281157,0.016498968163408657,0.01298968013448638,4.066862293308074,4.064226646386483,42.950504302978516,36.42409133911133,0.9999818139606051,0.9997935354709625,27.0,5.0
387,81.13631456953642,79.5575,0.9772727272727273,0.9772727272727273,42.02325581395352,42.02325581395352,23.139503479003906,38.15864944458008,0.9003099939889379,0.8919894575244851,35.0,41.0
388,59.09622513343038,58.14641762452108,0.019115639671484216,0.017843728390313597,10.315138605949471,9.80562385395256,34.032596588134766,35.34113311767578,0.8754222600255162,0.8752975300594699,11.0,36.0
389,71.71974309153715,73.302619982548,0.19109188404531366,0.24907420679147696,39.881991959191275,40.62553913494216,21.677576065063477,24.78938102722168,0.9994921684265137,0.999734179540114,30.0,9.0
390,79.590811965812,82.2267479674797,0.1765322960744361,0.11604829100894726,37.15250872915956,33.10423311033208,35.43510437011719,43.93275451660156,0.8751003908691928,0.8759020211873576,28.0,25.0
391,52.753000000000014,50.86527272727275,0.05735031281354924,0.013177271662744853,13.114732217952989,8.454921744019282,32.39057922363281,37.29843521118164,0.9999964237213135,0.9999960958957672,2.0,41.0
392,75.70750000000002,70.72350000000003,0.017706542642819654,0.019124734369345215,12.272768025868388,12.655328263085194,36.566612243652344,52.64851760864258,0.9989097052150302,0.999864379564921,13.0,18.0
393,59.27307291666668,58.35083333333334,0.9772727272727273,0.9772727272727273,42.02325581395352,42.02325581395352,16.74597930908203,23.47425079345703,0.9091172935229472,0.9092317187989299,38.0,41.0
394,67.39076923076925,68.22802985074628,0.9772727272727273,0.9772727272727273,42.02325581395351,42.02325581395351,19.6768741607666,21.6466064453125,0.9963434471024407,0.8893123435166975,33.0,11.0
395,55.31248979591837,61.9929811320755,0.008676355568312756,0.008768458871812034,4.771993949000777,5.121536912229842,61.059181213378906,61.437129974365234,0.7500185107437574,0.750001736516424,14.0,26.0
396,51.389695121951235,54.882720588235316,0.012707174795752405,0.008826987535203407,24.1433406826512,18.208730857951494,30.315265655517578,50.85466003417969,0.9999897990907941,0.9999590856688363,5.0,35.0
397,40.66740729665074,37.39634552401748,0.171234764476564,0.07845063253507858,33.74143739165547,22.13095739449907,34.192962646484375,51.44684600830078,0.9999660168375287,0.9999258177621024,4.0,3.0
398,60.17993730407525,56.919545454545485,0.08142454549082434,0.04527815526961494,17.068988807058062,19.84460239191645,17.274080276489258,23.579389572143555,0.9999961972236633,0.9999963283538819,36.0,1.0
399,55.46013157894737,53.41724137931037,0.04230658321881035,0.09812075822383921,14.534712270690866,21.538603710359816,23.372743606567383,31.727657318115234,0.9999956289927164,0.9999974568684896,8.0,20.0
400,47.60520366218236,49.280297619047644,0.15958812691080154,0.0925737279997803,37.15710208663294,32.375391935060456,34.13178634643555,39.81997299194336,0.9999970089305531,0.9999970306049694,28.0,2.0
401,72.64663934426231,74.10038461538463,0.3048662338329263,0.9772727272727273,40.70184424502773,42.02325581395349,55.07687759399414,84.39251708984375,0.9997840623060862,0.9994932313760122,22.0,41.0
402,58.952368421052654,55.092586206896584,0.9772727272727273,0.9772727272727273,42.0232558139535,42.0232558139535,31.445772171020508,57.64091110229492,0.9998748302459717,0.9999880393346151,34.0,34.0
403,50.68266225165566,50.811294117647066,0.062056069845113304,0.0878147914408652,13.871893784005934,23.12537683687565,27.978029251098633,32.3960075378418,0.9999899566173553,0.9999865293502808,5.0,40.0
404,35.052324929972,33.69500000000002,0.024409040047126216,0.010147813988868232,4.74639024833437,5.614738795080775,24.163070678710938,34.368316650390625,0.999996542930603,0.9999933838844299,13.0,19.0
405,73.67488636363639,72.20872912801484,0.9772727272727273,0.9772727272727273,42.0232558139535,42.0232558139535,16.544998168945312,19.869905471801758,0.9000243195041548,0.9000379522098229,19.0,12.0
406,35.67534782608698,38.43000000000001,0.02328314410165306,0.030249736238885567,11.34849261701442,14.756891754729564,24.131980895996094,28.296852111816406,0.9999965164396498,0.9999876552157931,32.0,20.0
407,61.68145615183248,60.79559227748692,0.020618370218042976,0.02138514978304637,4.627606716985693,4.863483014232875,20.538423538208008,20.15266227722168,0.8571071915939683,0.8571004622229209,41.0,41.0
408,81.20875000000002,82.79760869565219,0.09474902215041943,0.08338053491346559,26.71906207517948,28.785871766413784,34.58643341064453,39.822418212890625,0.999954376901899,0.9999936648777553,40.0,29.0
409,63.17602941176473,63.70015306122448,0.0162514092604896,0.01607504886371391,5.433576837881412,5.485707703631258,25.56841468811035,28.926219940185547,0.9999712813984264,0.9999810999090021,30.0,27.0
410,69.86375000000001,68.53333333333333,0.9772727272727273,0.9772727272727273,42.02325581395351,42.02325581395351,52.65696716308594,80.85868835449219,0.9998710870742797,0.9998452067375183,11.0,9.0
411,66.00156250000002,71.51931818181819,0.053916274937152654,0.04566915930479052,23.94720994422845,19.202512657198678,18.76124382019043,25.316503524780273,0.9997533957163492,0.9997546332223075,21.0,41.0
412,70.77275862068967,66.22384615384617,0.9772727272727273,0.25167845323627064,42.02325581395352,40.81337028854766,24.696603775024414,30.54213523864746,0.9229550246650783,0.9998403833462641,3.0,13.0
413,50.6985212722016,55.48652173913047,0.006853355453833499,0.018174948641532407,4.19307229255806,3.436180835363039,31.743284225463867,38.0310173034668,0.9999977648258209,0.9999942779541016,24.0,41.0
414,42.11517605633804,42.26607758620693,0.08049454130802593,0.08445115670551578,17.569126807932822,17.774057076891342,39.26311111450195,37.9321174621582,0.999995231628418,0.9998874266942342,22.0,37.0
415,65.36437772925765,65.56801948051951,0.07603911515224349,0.07107643762464169,25.15160890042516,23.41172306986634,13.476268768310547,16.071245193481445,0.9998076007916377,0.999899699137761,25.0,10.0
416,75.82976733576643,76.07107142857146,0.9772727272727273,0.9772727272727273,42.0232558139535,42.0232558139535,38.47871780395508,43.18185806274414,0.8575265278840172,0.9833214197840009,38.0,39.0
417,51.502884615384644,48.54165397631132,0.1910367005411393,0.2249473969515551,39.64568535235172,40.19924265187615,19.449644088745117,27.518543243408203,0.9986623406410218,0.999731969833374,41.0,10.0
418,63.38072047244097,61.123500000000035,0.9772727272727273,0.6308522764162912,42.02325581395352,42.008804752191125,41.70174789428711,67.02909088134766,0.9990478952725729,0.8886605092427797,16.0,2.0
419,61.656379310344846,69.34184210526317,0.03544021624646836,0.04696846596501516,27.6644585218586,31.245878950068338,37.423091888427734,34.628665924072266,0.999226450920105,0.9989925622940063,6.0,14.0
420,59.82500000000003,66.6037254901961,0.9772727272727273,0.24163150350716683,42.02325581395351,36.63306598875343,19.976011276245117,17.287261962890625,0.9999974370002747,0.9999971985816956,24.0,25.0
421,66.9653432835821,62.71457874015749,0.9772727272727273,0.32589159866282186,42.02325581395352,40.90446892529073,31.537492752075195,42.72859191894531,0.8889042061507806,0.8891060794186261,17.0,40.0
422,59.25885597548522,59.36995215311008,0.9772727272727273,0.9772727272727273,42.0232558139535,42.0232558139535,20.28234100341797,27.255104064941406,0.9999605238437652,0.9999616980552674,8.0,26.0
423,56.90629107981222,57.618495875788454,0.05683775621003445,0.034268616227656604,17.55040850072113,27.512460153066367,21.31235694885254,26.545984268188477,0.8502212936000433,0.9725422039628029,7.0,36.0
424,73.45834913552709,72.02422394678496,0.05570343735743245,0.030310474198375844,8.993821386539263,8.631527361029352,26.460491180419922,34.18062210083008,0.702116146159824,0.8998796757310629,18.0,35.0
425,41.97692982456144,48.199636465324375,0.9772727272727273,0.9772727272727273,42.02325581395352,42.02325581395352,56.520023345947266,58.63003158569336,0.9991206884384155,0.9992361307144165,17.0,14.0
426,57.09750000000001,60.684807692307714,0.29257520159918426,0.9772727272727273,40.96330815313734,42.02325581395351,36.97346115112305,39.922691345214844,0.8582491516800863,0.9999486378261021,24.0,23.0
427,71.42586956521743,69.65272727272728,0.9772727272727273,0.9772727272727273,42.02325581395351,42.02325581395351,82.29264068603516,75.10275268554688,0.8393354782213768,0.9999139308929443,29.0,24.0
428,63.86062652068129,72.97720000000001,0.03514655481765831,0.11578918039321014,24.770036088735786,29.700284455660615,30.3450927734375,35.88003921508789,0.8006540098693222,0.8334710543470768,9.0,39.0
429,69.52672468354433,69.92775000000002,0.9772727272727273,0.310872344373317,42.02325581395352,41.53778317841579,39.95734405517578,48.630496978759766,0.9999371341296605,0.9999713557107108,41.0,9.0
430,82.09955797933412,79.41016772700986,0.9772727272727273,0.9772727272727273,42.02325581395352,42.02325581395352,16.974321365356445,20.611989974975586,0.9998674442370733,0.9165771302456657,3.0,2.0
431,61.29764705882354,66.59798102981033,0.005786042020456374,0.010787516627380832,2.8048079632724647,3.83357161563727,19.19048500061035,38.14069366455078,0.9999193251132965,0.981622725725174,17.0,20.0
432,65.63188533057853,68.95163398692813,0.010286708336645729,0.009885426501855005,5.220940581307352,4.849659917818546,25.74408721923828,32.19498825073242,0.999990735735212,0.8747393964222283,16.0,22.0
433,87.62678160919542,90.1009523809524,0.23239903558706715,0.18058899949854162,40.89475835595906,40.05720411646882,24.078935623168945,29.650123596191406,0.60505182412453,0.7913622872903943,18.0,4.0
434,52.59363636363639,57.15552875695735,0.007142980918141647,0.009762301770002497,4.9217077558497735,5.388152992160476,24.835880279541016,29.05059814453125,0.999660587310791,0.9997491896152496,13.0,34.0
435,21.77052173913046,34.96045454545455,0.9772727272727273,0.9772727272727273,42.02325581395352,42.02325581395352,33.05217742919922,45.46245574951172,0.9999978840351105,0.9994880656401316,18.0,41.0
436,70.63400000000001,69.50600000000003,0.008658403631554984,0.027730576205986963,5.919665931777867,5.511090209116202,16.509756088256836,18.225587844848633,0.9093638564544645,0.9091486128269356,21.0,28.0
437,70.04,70.28088888888888,0.008530697136112049,0.013798119115790652,6.8316303041268265,6.5439427068552245,17.05927848815918,20.12679100036621,0.9998091161251068,0.9997349828481674,41.0,41.0
438,67.56573600973239,65.71443877551022,0.3122023086970514,0.6403503468953966,41.95050471106185,42.01095429948713,15.40746784210205,29.105504989624023,0.9999974012374878,0.9999943494796752,12.0,2.0
439,42.27000000000004,33.969180327868884,0.028863558321611825,0.026956976628689663,3.7100680954250214,3.1974611480032387,28.99520492553711,39.34132766723633,1.0,1.0,41.0,41.0
440,57.84562500000001,58.25173397717296,0.1594027052888968,0.14927084941033547,33.77429705806113,32.69670710883708,30.190900802612305,34.727577209472656,0.9999089082082112,0.9998684860765934,31.0,7.0
441,96.01150000000003,91.47267241379312,0.03132109889207082,0.023391538268287566,4.694407889318035,4.845347582884973,20.535430908203125,23.833036422729492,0.6664907760665907,0.6664075368753402,9.0,17.0
442,70.66333333333336,72.97642857142857,0.9772727272727273,0.7036255049710837,42.02325581395352,42.01703370059632,17.601863861083984,18.485370635986328,0.8751076703629224,0.8887986957431875,30.0,40.0
443,61.33927138800145,62.44722222222222,0.9772727272727273,0.26685392165574034,42.02325581395349,39.752242449407916,33.418331146240234,36.882225036621094,0.9998333594378304,0.9008908225339838,37.0,6.0
444,13.8402207792208,22.074556074766377,0.9772727272727273,0.9772727272727273,42.0232558139535,42.0232558139535,37.317779541015625,43.321903228759766,0.9999975264072418,0.9998457431793213,1.0,40.0
445,64.46928571428575,62.13300000000001,0.03295653454877915,0.08055198520343598,9.448085494930046,28.32890913357843,26.975234985351562,38.595298767089844,0.9996747672557831,0.834667173679918,41.0,12.0
446,79.10836471221087,77.73290243902441,0.22618569496564286,0.15153045169028337,38.009049826307674,33.58172919264773,23.109935760498047,29.096179962158203,0.8996567662921734,0.7777311036948554,16.0,11.0
447,71.53096153846157,70.98865384615387,0.05312674979374885,0.021586676550781676,19.15046884592402,11.329504811403382,15.18224811553955,19.108478546142578,0.9997320686067853,0.8573234887028646,41.0,3.0
448,68.14214285714286,67.49112937062938,0.9772727272727273,0.9772727272727273,42.02325581395352,42.02325581395352,15.267034530639648,29.38212013244629,0.7783130318469679,0.9996429284413656,20.0,27.0
449,42.17020080321285,41.150923694779124,0.0343785805440337,0.025431287077316143,4.849256078930036,5.030158159068717,34.052635192871094,52.44729995727539,0.9999955892562866,0.9999969005584717,15.0,25.0
450,71.70500000000001,74.31293532338312,0.03381062814536706,0.10810655650504207,29.918497452537054,32.330382461073896,12.260498046875,17.740001678466797,0.9998164534568786,0.9998448014259338,29.0,41.0
451,49.88790816326531,58.79000000000002,0.04844466918220407,0.049298216356162244,11.950288833217229,13.196023404124903,21.21352767944336,35.043907165527344,0.9995192488034567,0.9996395707130432,14.0,19.0
452,45.19512340301975,45.58769736842109,0.4265331136224614,0.9772727272727273,41.76042916618873,42.02325581395352,19.80438804626465,25.70966339111328,0.9999866160479459,0.9091406792232936,38.0,38.0
453,73.73324127906979,71.14121268656717,0.12076905748219782,0.10350189126774322,36.51369261736288,35.23846422329792,40.07919692993164,40.840213775634766,0.8601242979722363,0.8600931417729173,41.0,27.0
454,26.965937500000024,47.24341509433964,0.0637784899117435,0.07134294205174392,29.386271403057748,30.509864262353876,33.9518928527832,56.6661262512207,0.9999980131785074,0.9999978840351105,40.0,19.0
455,60.9059782608696,57.18000000000001,0.006367772550736986,0.0069354341115697065,6.667119709246869,7.458746542925993,44.07194137573242,65.77499389648438,0.8588181336720785,0.9993420839309692,41.0,4.0
456,59.07000000000002,57.379919354838734,0.9772727272727273,0.9772727272727273,42.02325581395352,42.02325581395352,46.49067306518555,45.94554901123047,0.8866260619834065,0.8893736837845709,3.0,32.0
457,61.83294366197185,56.9439230769231,0.01515952909851209,0.013885468840885705,8.7967036642255,8.279356760529838,29.849788665771484,47.37776565551758,0.999985009431839,0.9999972283840179,20.0,31.0
458,48.07391456582636,50.12406167979006,0.03030529980098878,0.03053061124916513,13.134901667986533,13.199099548254539,29.135116577148438,32.06163024902344,0.9999933242797852,0.9999903202056885,40.0,32.0
459,78.68862408759126,81.9227272727273,0.7304124368337767,0.8063818643644737,42.01868768445978,42.02141594353604,81.35193634033203,101.32115173339844,0.9998705916934543,0.9996529161930084,41.0,19.0
460,46.38100165562915,50.978647959183675,0.8176694260088037,0.9772727272727273,42.021570963124375,42.02325581395352,22.55562973022461,30.58281707763672,0.9999969402949015,0.9999974171320597,26.0,41.0
461,55.67043478260871,56.37891483516485,0.021630158733855338,0.02254059224429512,6.025570695770821,6.834708716421838,28.623226165771484,40.30979537963867,0.6676793529186398,0.6667010054758672,3.0,41.0
462,72.53742424242425,71.66498023715417,0.05016909165483359,0.041883062278532376,8.969723043312923,9.608671372978206,16.19815444946289,18.138486862182617,0.9998612344264984,0.9998652875423432,36.0,36.0
463,61.30741967871489,63.34597389558235,0.06490527442160664,0.0556115038504219,17.15717430422913,13.051741161228128,52.8763427734375,80.13011932373047,0.999976634979248,0.9997339963912963,41.0,17.0
464,80.14833662064433,81.32243589743592,0.04385522940160287,0.03832261464969074,5.721135538084336,5.641711003410923,24.103731155395508,24.839704513549805,0.999995544552803,0.9999732077121735,26.0,38.0
465,72.27933252427187,69.78281542056075,0.9772727272727273,0.9772727272727273,42.0232558139535,42.0232558139535,13.547433853149414,21.370546340942383,0.9999954303105673,0.9999953508377075,10.0,35.0
466,38.950270270270266,44.66648648648649,0.19729160882903343,0.9772727272727273,37.73793605064635,42.02325581395352,22.839488983154297,27.962604522705078,0.9999963839848837,0.9999895095825195,41.0,16.0
467,55.1494194022538,55.372576197387545,0.02326230391787327,0.02375281174602911,12.417470765810393,13.154782280019331,15.42662239074707,24.31170082092285,0.9993597666422526,0.9998963326215744,1.0,38.0
468,32.09081081081081,33.0936029411765,0.9772727272727273,0.9772727272727273,42.0232558139535,42.0232558139535,20.442729949951172,25.40797996520996,0.9999978144963583,0.9999977350234985,6.0,22.0
469,75.65114606741574,70.29386813186817,0.9772727272727273,0.9772727272727273,42.02325581395351,42.02325581395351,17.718143463134766,20.403608322143555,0.9997363024287753,0.9998889366785685,7.0,31.0
470,54.09373449131516,63.94735294117649,0.05460732406027313,0.12059014146893245,25.880607662451798,34.294277797256484,32.64649963378906,32.19718551635742,0.9166746634097459,0.9998788420970623,2.0,10.0
471,0.0,8.29000000000002,0.06444129320700183,0.07289480045967642,14.342262225989767,15.699514658883707,22.38656234741211,24.031103134155273,0.9999979734420776,0.9999976456165314,25.0,7.0
472,47.089615384615385,49.55298701298703,0.06167285866153949,0.05509765154233832,11.511254570639888,10.760403501865035,38.26997756958008,46.78648376464844,0.999997059504191,0.9999810655911764,25.0,15.0
473,67.16187134502927,63.770000000000024,0.9772727272727273,0.9772727272727273,42.02325581395351,42.02325581395351,43.80834197998047,50.360809326171875,0.9990985542535782,0.9991487860679626,29.0,24.0
474,62.82273206751054,64.35386031146768,0.011300203222008235,0.013850061082415382,5.798945573933415,6.954689864323031,47.53822326660156,47.356807708740234,0.7259913518315774,0.7605402326832215,10.0,3.0
475,42.90034482758624,34.292219101123635,0.4363580330059727,0.9772727272727273,41.58199169379215,42.02325581395352,32.181575775146484,39.865272521972656,0.9999558428923289,0.9999963045120239,30.0,39.0
476,65.68373312564903,68.97476106194692,0.9772727272727273,0.9772727272727273,42.02325581395351,42.02325581395351,19.75316047668457,18.442779541015625,0.999754048883915,0.9999195867114596,22.0,33.0
477,67.03770491803282,77.38783088235294,0.9772727272727273,0.9772727272727273,42.02325581395352,42.02325581395352,24.103586196899414,28.71124267578125,0.9999911983807882,0.9993891801152911,10.0,18.0
478,54.6075980392157,55.079962345346985,0.9772727272727273,0.9772727272727273,42.02325581395351,42.02325581395351,24.65656089782715,27.761075973510742,0.9981333667581732,0.9999730348587036,39.0,41.0
479,69.36400000000003,65.0657142857143,0.013160081538487606,0.010909998934151387,3.9220524531022516,2.317760088292648,18.9133358001709,22.115530014038086,0.9999686413341098,0.8895621457033687,13.0,14.0
480,50.76861445783135,52.17615384615385,0.9772727272727273,0.15082039745230966,42.0232558139535,31.342631132419637,15.907066345214844,18.359737396240234,0.9999898274739584,0.9999412496884664,41.0,20.0
481,57.09953824533227,56.764897217607995,0.018484126569316542,0.015574611962724992,9.069200415965968,8.095450448165035,31.214900970458984,35.40673065185547,0.8120329222401779,0.8663235129749712,6.0,13.0
482,49.32615299334813,51.447757339936345,0.057777028054942045,0.05937929794212593,22.50124660649558,21.915406274687403,25.408567428588867,30.818227767944336,0.9999453783035278,0.999898886680603,27.0,5.0
483,80.36000000000001,76.28397058823532,0.0429397575080236,0.056884050843681144,13.511020266523454,11.868800378119305,66.36829376220703,127.14653778076172,0.6714702785635988,0.9967961311340332,5.0,41.0
484,54.09907172995783,55.99770731707319,0.145752841726912,0.18824298150130145,33.42034555710528,35.95433522213603,18.410953521728516,22.153770446777344,0.9999934136867523,0.9999932315614488,22.0,11.0
485,48.00256250000001,52.74529805352802,0.2749767460406086,0.9772727272727273,40.095878552972366,42.02325581395351,25.26740074157715,26.74513053894043,0.999993622303009,0.9999929189682006,41.0,21.0
486,68.23978135788263,68.95532407407408,0.9772727272727273,0.24211441418404767,42.02325581395351,38.98474784609946,13.2474946975708,16.27083396911621,0.9999597668647766,0.9090693934016268,41.0,22.0
487,62.22691483361537,65.1861941747573,0.9772727272727273,0.18922454544558903,42.02325581395351,37.14491277875564,26.586767196655273,30.898481369018555,0.8786842641420662,0.6702340021729469,6.0,37.0
